gene,gene_id,scaffold,auxiliary_score,amg_flags,gene_description,module,sheet,header,subheader,potential_amg,gene_id_origin,metabolism,reference,verified
IMGVR_UViG_3300031951_000283.3300031951.Ga0315904_10000894__full-cat_1_5,PF13640,IMGVR_UViG_3300031951_000283.3300031951.Ga0315904_10000894__full-cat_1,1,MK,2OG-Fe(II) oxygenase superfamily,,,,,,amg_database,M,Roux et al. 2016,FALSE
IMGVR_UViG_3300031951_000283.3300031951.Ga0315904_10000894__full-cat_1_7,PF13640,IMGVR_UViG_3300031951_000283.3300031951.Ga0315904_10000894__full-cat_1,1,MK,2OG-Fe(II) oxygenase superfamily,,,,,,amg_database,M,Roux et al. 2016,FALSE
IMGVR_UViG_3300031951_000283.3300031951.Ga0315904_10000894__full-cat_1_8,PF13640,IMGVR_UViG_3300031951_000283.3300031951.Ga0315904_10000894__full-cat_1,1,MK,2OG-Fe(II) oxygenase superfamily,,,,,,amg_database,M,Roux et al. 2016,FALSE
IMGVR_UViG_3300031951_000283.3300031951.Ga0315904_10000894__full-cat_1_11,PF13640,IMGVR_UViG_3300031951_000283.3300031951.Ga0315904_10000894__full-cat_1,1,MK,2OG-Fe(II) oxygenase superfamily,,,,,,amg_database,M,Roux et al. 2016,FALSE
IMGVR_UViG_3300031951_000283.3300031951.Ga0315904_10000894__full-cat_1_13,PF13640,IMGVR_UViG_3300031951_000283.3300031951.Ga0315904_10000894__full-cat_1,1,MK,2OG-Fe(II) oxygenase superfamily,,,,,,amg_database,M,Roux et al. 2016,FALSE
IMGVR_UViG_3300031951_000283.3300031951.Ga0315904_10000894__full-cat_1_30,PF13640,IMGVR_UViG_3300031951_000283.3300031951.Ga0315904_10000894__full-cat_1,1,MK,2OG-Fe(II) oxygenase superfamily,,,,,,amg_database,M,Roux et al. 2016,FALSE
VGTM01000109.1@full__full-cat_1_2,PF13640,VGTM01000109.1@full__full-cat_1,2,MKF,2OG-Fe(II) oxygenase superfamily,,,,,,amg_database,M,Roux et al. 2016,FALSE
VGTM01000109.1@full__full-cat_1_8,PF13640,VGTM01000109.1@full__full-cat_1,2,MKF,2OG-Fe(II) oxygenase superfamily,,,,,,amg_database,M,Roux et al. 2016,FALSE
CACXTS010000014.1@full__full-cat_1_9,PF01073,CACXTS010000014.1@full__full-cat_1,2,MK,3-beta hydroxysteroid dehydrogenase/isomerase family,,,,,,amg_database,M,Roux et al. 2016,FALSE
IMGVR_UViG_3300031951_000283.3300031951.Ga0315904_10000894__full-cat_1_28,PF01073,IMGVR_UViG_3300031951_000283.3300031951.Ga0315904_10000894__full-cat_1,1,MK,3-beta hydroxysteroid dehydrogenase/isomerase family,,,,,,amg_database,M,Roux et al. 2016,FALSE
JAFRFD010000012.1@full__full-cat_1_4,PF01073,JAFRFD010000012.1@full__full-cat_1,2,MKF,3-beta hydroxysteroid dehydrogenase/isomerase family,,,,,,amg_database,M,Roux et al. 2016,FALSE
NZ_LMVP01000537.1@full__full-cat_1_6,PF08541,NZ_LMVP01000537.1@full__full-cat_1,2,MKF,3-Oxoacyl-[acyl-carrier-protein (ACP)] synthase III C terminal,,,,,,amg_database,M,Roux et al. 2016,FALSE
CAKVFS010000003.1@0_partial_1__full-cat_1_42,PF01242,CAKVFS010000003.1@0_partial_1__full-cat_1,2,MK,6-pyruvoyl tetrahydropterin synthase,,,,,,amg_database,,Roux et al. 2016,FALSE
IMGVR_UViG_3300025678_000508.3300025678.Ga0208695_1000493_1__full-cat_1_31,PF01242,IMGVR_UViG_3300025678_000508.3300025678.Ga0208695_1000493_1__full-cat_1,2,MKT,6-pyruvoyl tetrahydropterin synthase,,,,,,amg_database,,Roux et al. 2016,FALSE
IMGVR_UViG_3300045988_178991.3300045988.Ga0495776_136811__full-cat_1_74,PF01242,IMGVR_UViG_3300045988_178991.3300045988.Ga0495776_136811__full-cat_1,2,MK,6-pyruvoyl tetrahydropterin synthase,,,,,,amg_database,,Roux et al. 2016,FALSE
JAGCBE010000113.1@full__full-cat_1_33,PF01242,JAGCBE010000113.1@full__full-cat_1,1,MK,6-pyruvoyl tetrahydropterin synthase,,,,,,amg_database,,Roux et al. 2016,FALSE
JAGCLR010000363.1@full__full-cat_1_148,PF01242,JAGCLR010000363.1@full__full-cat_1,1,MKT,6-pyruvoyl tetrahydropterin synthase,,,,,,amg_database,,Roux et al. 2016,FALSE
k141_1676665@full__full-cat_1_8,K02004,k141_1676665@full__full-cat_1,2,MF,ABC.CD.P;,Putative ABC transport system,Transporters,,,TRUE,genome_summary_form,,,
NZ_WJBI01000006.1@0_partial__full-cat_1_5,K01652,NZ_WJBI01000006.1@0_partial__full-cat_1,2,MF,acetolactate synthase [EC:2.2.1.6] [RN:R00226 R08648],"Valine/isoleucine biosynthesis, pyruvate => valine / 2-oxobutanoate => isoleucine",Organic Nitrogen,Amino Acid,,TRUE,genome_summary_form,,,
NZ_WJBI01000006.1@0_partial__full-cat_1_5,K01652,NZ_WJBI01000006.1@0_partial__full-cat_1,2,MF,acetolactate synthase [EC:2.2.1.6] [RN:R08648],"Isoleucine biosynthesis, threonine => 2-oxobutanoate => isoleucine",Organic Nitrogen,Amino Acid,,TRUE,genome_summary_form,,,
DUKH01000040.1@full__0_partial-cat_4_5,EC:4.2.1.3,DUKH01000040.1@full__0_partial-cat_4,2,MKTF,Aconitase family (aconitate hydratase),,,,,,amg_database,M,Roux et al. 2016,FALSE
DUKH01000040.1@full__0_partial-cat_4_5,K01681,DUKH01000040.1@full__0_partial-cat_4,2,MKTF,Aconitase family (aconitate hydratase),,,,,,amg_database,M,Roux et al. 2016,FALSE
DUKH01000040.1@full__0_partial-cat_4_5,PF00330,DUKH01000040.1@full__0_partial-cat_4,2,MKTF,Aconitase family (aconitate hydratase),,,,,,amg_database,M,Roux et al. 2016,FALSE
DUKH01000040.1@full__0_partial-cat_4_5,K01681,DUKH01000040.1@full__0_partial-cat_4,2,MKTF,aconitate hydratase [EC:4.2.1.3] [RN:R01325 R01900 R01324],"Citrate cycle (TCA cycle, Krebs cycle)",carbon utilization,central carbon,TCA,TRUE,genome_summary_form,,,
DUKH01000040.1@full__0_partial-cat_4_5,K01681,DUKH01000040.1@full__0_partial-cat_4,2,MKTF,aconitate hydratase [EC:4.2.1.3] [RN:R01325 R01900 R01324],"Citrate cycle, first carbon oxidation, oxaloacetate => 2-oxoglutarate",carbon utilization,central carbon,TCA,TRUE,genome_summary_form,,,
DUKH01000040.1@full__0_partial-cat_4_5,K01681,DUKH01000040.1@full__0_partial-cat_4,2,MKTF,aconitate hydratase [EC:4.2.1.3] [RN:R01325 R01900],Glyoxylate cycle,carbon utilization,central carbon,glycolysis,TRUE,genome_summary_form,,,
DUKH01000040.1@full__0_partial-cat_4_5,K01681,DUKH01000040.1@full__0_partial-cat_4,2,MKTF,aconitate hydratase [EC:4.2.1.3] [RN:R01325 R01900],Methylaspartate cycle,Organic Nitrogen,Amino Acid,,TRUE,genome_summary_form,,,
DUKH01000040.1@full__0_partial-cat_4_5,K01681,DUKH01000040.1@full__0_partial-cat_4,2,MKTF,aconitate hydratase [EC:4.2.1.3] [RN:R01900 R01325],Reductive citrate cycle (Arnon-Buchanan cycle),Energy,C1,,TRUE,genome_summary_form,,,
JAFRFB010000122.1@full__full-cat_2_5,PF00266,JAFRFB010000122.1@full__full-cat_2,3,MKF,Aminotransferase class-V,,,,,,amg_database,M,Roux et al. 2016,FALSE
JAGCBE010000103.1@full__full-cat_1_65,PF00266,JAGCBE010000103.1@full__full-cat_1,1,MK,Aminotransferase class-V,,,,,,amg_database,M,Roux et al. 2016,FALSE
JAGCLR010000373.1@full__full-cat_1_102,PF00266,JAGCLR010000373.1@full__full-cat_1,2,MKF,Aminotransferase class-V,,,,,,amg_database,M,Roux et al. 2016,FALSE
SFKZ01000029.1@full__full-cat_2_17,PF00266,SFKZ01000029.1@full__full-cat_2,3,MK,Aminotransferase class-V,,,,,,amg_database,M,Roux et al. 2016,FALSE
CP003083.1@0_partial__full-cat_1_27,PF01637,CP003083.1@0_partial__full-cat_1,2,MKT,Archaeal ATPase,,,,,,amg_database,M,Roux et al. 2016,FALSE
k141_1555479_length_16329_cov_6.0002@full__full-cat_1_4,PF05935,k141_1555479_length_16329_cov_6.0002@full__full-cat_1,1,MKTF,Arylsulfotransferase (ASST),,,,,,amg_database,,Roux et al. 2016,FALSE
IMGVR_UViG_3300025678_000508.3300025678.Ga0208695_1000493_1__full-cat_1_17,PF00733,IMGVR_UViG_3300025678_000508.3300025678.Ga0208695_1000493_1__full-cat_1,2,MKT,Asparagine synthase,,,,,,amg_database,M,Roux et al. 2016,FALSE
JAGCBE010000371.1@full__full-cat_1_9,PF00733,JAGCBE010000371.1@full__full-cat_1,2,MKF,Asparagine synthase,,,,,,amg_database,M,Roux et al. 2016,FALSE
JAGCLR010000389.1@full__full-cat_2_16,PF00733,JAGCLR010000389.1@full__full-cat_2,3,MKF,Asparagine synthase,,,,,,amg_database,M,Roux et al. 2016,FALSE
LGFT01000044.1@full__full-cat_1_23,PF02729,LGFT01000044.1@full__full-cat_1,2,MKTF,"Aspartate/ornithine carbamoyltransferase, carbamoyl-P binding domain",,,,,,amg_database,M,Roux et al. 2016,FALSE
NZ_LMVP01000537.1@full__full-cat_1_7,PF00109,NZ_LMVP01000537.1@full__full-cat_1,2,MKF,"Beta-ketoacyl synthase, N-terminal domain",,,,,,amg_database,M,Roux et al. 2016,FALSE
IMGVR_UViG_3300021400_004522.3300021400.Ga0224422_12338464__full-cat_1_12,C110,IMGVR_UViG_3300021400_004522.3300021400.Ga0224422_12338464__full-cat_1,1,MF,Catlytic type: Cysteine,Cysteine endopeptidases,Organic Nitrogen,Peptidase,,TRUE,genome_summary_form,,,
IMGVR_UViG_3300029303_000310.3300029303.Ga0168703_1000088.12329*61175__full-cat_1_16,C110,IMGVR_UViG_3300029303_000310.3300029303.Ga0168703_1000088.12329*61175__full-cat_1,1,M,Catlytic type: Cysteine,Cysteine endopeptidases,Organic Nitrogen,Peptidase,,TRUE,genome_summary_form,,,
IMGVR_UViG_3300029339_000335.3300029339.Ga0242823_1000674.23078*51731__full-cat_1_18,C110,IMGVR_UViG_3300029339_000335.3300029339.Ga0242823_1000674.23078*51731__full-cat_1,1,M,Catlytic type: Cysteine,Cysteine endopeptidases,Organic Nitrogen,Peptidase,,TRUE,genome_summary_form,,,
IMGVR_UViG_3300029616_000312.3300029616.Ga0245133_100108.125*37838__full-cat_1_23,C110,IMGVR_UViG_3300029616_000312.3300029616.Ga0245133_100108.125*37838__full-cat_1,1,M,Catlytic type: Cysteine,Cysteine endopeptidases,Organic Nitrogen,Peptidase,,TRUE,genome_summary_form,,,
IMGVR_UViG_3300031867_000452.3300031867.Ga0326511_10000777__full-cat_1_14,C110,IMGVR_UViG_3300031867_000452.3300031867.Ga0326511_10000777__full-cat_1,2,M,Catlytic type: Cysteine,Cysteine endopeptidases,Organic Nitrogen,Peptidase,,TRUE,genome_summary_form,,,
IMGVR_UViG_3300045988_182194.3300045988.Ga0495776_038849__full-cat_1_21,C110,IMGVR_UViG_3300045988_182194.3300045988.Ga0495776_038849__full-cat_1,1,M,Catlytic type: Cysteine,Cysteine endopeptidases,Organic Nitrogen,Peptidase,,TRUE,genome_summary_form,,,
IMGVR_UViG_3300045988_183412.3300045988.Ga0495776_159566__full-cat_1_13,C110,IMGVR_UViG_3300045988_183412.3300045988.Ga0495776_159566__full-cat_1,1,M,Catlytic type: Cysteine,Cysteine endopeptidases,Organic Nitrogen,Peptidase,,TRUE,genome_summary_form,,,
IMGVR_UViG_3300045988_183486.3300045988.Ga0495776_091602__full-cat_1_16,C110,IMGVR_UViG_3300045988_183486.3300045988.Ga0495776_091602__full-cat_1,1,M,Catlytic type: Cysteine,Cysteine endopeptidases,Organic Nitrogen,Peptidase,,TRUE,genome_summary_form,,,
JADLKP010000002.1@full_1__full-cat_1_7,C110,JADLKP010000002.1@full_1__full-cat_1,2,M,Catlytic type: Cysteine,Cysteine endopeptidases,Organic Nitrogen,Peptidase,,TRUE,genome_summary_form,,,
JAFRKB010000031.1@full__full-cat_1_6,C110,JAFRKB010000031.1@full__full-cat_1,1,M,Catlytic type: Cysteine,Cysteine endopeptidases,Organic Nitrogen,Peptidase,,TRUE,genome_summary_form,,,
JAFUHT010000040.1@full__full-cat_1_44,C110,JAFUHT010000040.1@full__full-cat_1,1,M,Catlytic type: Cysteine,Cysteine endopeptidases,Organic Nitrogen,Peptidase,,TRUE,genome_summary_form,,,
NZ_CP011266.1@1_partial__full-cat_1_19,C110,NZ_CP011266.1@1_partial__full-cat_1,2,MF,Catlytic type: Cysteine,Cysteine endopeptidases,Organic Nitrogen,Peptidase,,TRUE,genome_summary_form,,,
SFKZ01000002.1@0_partial_1__full-cat_1_13,C110,SFKZ01000002.1@0_partial_1__full-cat_1,1,M,Catlytic type: Cysteine,Cysteine endopeptidases,Organic Nitrogen,Peptidase,,TRUE,genome_summary_form,,,
k141_1555479_length_16329_cov_6.0002@full__full-cat_1_3,C110,k141_1555479_length_16329_cov_6.0002@full__full-cat_1,1,MTF,Catlytic type: Cysteine,Cysteine endopeptidases,Organic Nitrogen,Peptidase,,TRUE,genome_summary_form,,,
JAGCBE010000117.1@full__full-cat_2_31,M18,JAGCBE010000117.1@full__full-cat_2,3,M,Catlytic type: Metallo; acting on N-terminal leucine and most other amino acids,Metalloaminopeptidases,Organic Nitrogen,Peptidase,,TRUE,genome_summary_form,,,
IMGVR_UViG_3300035540_000047.3300035540.Ga0376502_000127__full-cat_1_79,M26,IMGVR_UViG_3300035540_000047.3300035540.Ga0376502_000127__full-cat_1,1,MTF,Catlytic type: Metallo; cleaves the heavy chain of human IgA1 at the Pro227-Thr228 bond; tightly associated with the bacterial cell surface,Endopeptidases,Organic Nitrogen,Peptidase,,TRUE,genome_summary_form,,,
JAIPUR010000003.1@0_partial__full-cat_1_17,M26,JAIPUR010000003.1@0_partial__full-cat_1,2,M,Catlytic type: Metallo; cleaves the heavy chain of human IgA1 at the Pro227-Thr228 bond; tightly associated with the bacterial cell surface,Endopeptidases,Organic Nitrogen,Peptidase,,TRUE,genome_summary_form,,,
JAIPUR010000020.1@full__full-cat_1_4,M26,JAIPUR010000020.1@full__full-cat_1,1,MF,Catlytic type: Metallo; cleaves the heavy chain of human IgA1 at the Pro227-Thr228 bond; tightly associated with the bacterial cell surface,Endopeptidases,Organic Nitrogen,Peptidase,,TRUE,genome_summary_form,,,
JAASSR010000100.1@full__full-cat_2_3,M01,JAASSR010000100.1@full__full-cat_2,3,MF,Catlytic type: Metallo; each is capable of releasing a variety of residues; none have been shown to hydrolyse Xaa-Pro-bonds,Aminopeptidases,Organic Nitrogen,Peptidase,,TRUE,genome_summary_form,,,
JAGCBE010000491.1@full__full-cat_1_22,PF01817,JAGCBE010000491.1@full__full-cat_1,2,MK,Chorismate mutase type II,,,,,,amg_database,M,Roux et al. 2016,FALSE
JAGCLR010000071.1@full__full-cat_2_19,PF01817,JAGCLR010000071.1@full__full-cat_2,3,MKF,Chorismate mutase type II,,,,,,amg_database,M,Roux et al. 2016,FALSE
DUKH01000040.1@full__0_partial-cat_4_6,K01647,DUKH01000040.1@full__0_partial-cat_4,2,MTF,citrate synthase [EC:2.3.3.1] [RN:R00351],"Citrate cycle (TCA cycle, Krebs cycle)",carbon utilization,central carbon,TCA,TRUE,genome_summary_form,,,
DUKH01000040.1@full__0_partial-cat_4_6,K01647,DUKH01000040.1@full__0_partial-cat_4,2,MTF,citrate synthase [EC:2.3.3.1] [RN:R00351],"Citrate cycle, first carbon oxidation, oxaloacetate => 2-oxoglutarate",carbon utilization,central carbon,TCA,TRUE,genome_summary_form,,,
DUKH01000040.1@full__0_partial-cat_4_6,K01647,DUKH01000040.1@full__0_partial-cat_4,2,MTF,citrate synthase [EC:2.3.3.1] [RN:R00351],Glyoxylate cycle,carbon utilization,central carbon,glycolysis,TRUE,genome_summary_form,,,
DUKH01000040.1@full__0_partial-cat_4_6,K01647,DUKH01000040.1@full__0_partial-cat_4,2,MTF,citrate synthase [EC:2.3.3.1] [RN:R00351],Methylaspartate cycle,Organic Nitrogen,Amino Acid,,TRUE,genome_summary_form,,,
JAGCBE010000103.1@full__full-cat_1_135,PF11775,JAGCBE010000103.1@full__full-cat_1,1,MK,Cobalamin biosynthesis protein CobT VWA domain,,,,,,amg_database,,Roux et al. 2016,FALSE
JAGCLR010000373.1@full__full-cat_1_32,PF11775,JAGCLR010000373.1@full__full-cat_1,2,MK,Cobalamin biosynthesis protein CobT VWA domain,,,,,,amg_database,,Roux et al. 2016,FALSE
DUIO01000033.1@full__full-cat_1_24,PF13385,DUIO01000033.1@full__full-cat_1,3,MK,Concanavalin A-like lectin; extracellular arabinase,,,,,,amg_database,,Emerson et al. 2018,FALSE
IMGVR_UViG_3300014204_000586.3300014204.Ga0172381_10001414__full-cat_1_9,PF13385,IMGVR_UViG_3300014204_000586.3300014204.Ga0172381_10001414__full-cat_1,1,MK,Concanavalin A-like lectin; extracellular arabinase,,,,,,amg_database,,Emerson et al. 2018,FALSE
IMGVR_UViG_3300018412_000002.3300018412.Ga0194136_1000079__full-cat_1_80,PF13385,IMGVR_UViG_3300018412_000002.3300018412.Ga0194136_1000079__full-cat_1,3,MKF,Concanavalin A-like lectin; extracellular arabinase,,,,,,amg_database,,Emerson et al. 2018,FALSE
IMGVR_UViG_3300035540_000047.3300035540.Ga0376502_000127__full-cat_1_64,PF13385,IMGVR_UViG_3300035540_000047.3300035540.Ga0376502_000127__full-cat_1,2,MKT,Concanavalin A-like lectin; extracellular arabinase,,,,,,amg_database,,Emerson et al. 2018,FALSE
JAFRFD010000012.1@full__full-cat_1_197,PF13385,JAFRFD010000012.1@full__full-cat_1,2,MK,Concanavalin A-like lectin; extracellular arabinase,,,,,,amg_database,,Emerson et al. 2018,FALSE
JAGCLR010000230.1@full__full-cat_1_50,PF13385,JAGCLR010000230.1@full__full-cat_1,2,MK,Concanavalin A-like lectin; extracellular arabinase,,,,,,amg_database,,Emerson et al. 2018,FALSE
NZ_CP009503.1@0_partial__full-cat_1_17,PF13385,NZ_CP009503.1@0_partial__full-cat_1,3,MK,Concanavalin A-like lectin; extracellular arabinase,,,,,,amg_database,,Emerson et al. 2018,FALSE
IMGVR_UViG_3300045988_178991.3300045988.Ga0495776_136811__full-cat_1_73,PF01467,IMGVR_UViG_3300045988_178991.3300045988.Ga0495776_136811__full-cat_1,2,MK,Cytidylyltransferase,,,,,,amg_database,,Roux et al. 2016,FALSE
JAFRFD010000068.1@full__full-cat_2_20,PF01467,JAFRFD010000068.1@full__full-cat_2,3,MK,Cytidylyltransferase,,,,,,amg_database,,Roux et al. 2016,FALSE
JAFRFD010000068.1@full__full-cat_2_87,PF01467,JAFRFD010000068.1@full__full-cat_2,3,MKF,Cytidylyltransferase,,,,,,amg_database,,Roux et al. 2016,FALSE
JAFRKG010000059.1@full__full-cat_1_19,PF01467,JAFRKG010000059.1@full__full-cat_1,1,MK,Cytidylyltransferase,,,,,,amg_database,,Roux et al. 2016,FALSE
JAGCBE010000117.1@full__full-cat_2_45,PF01467,JAGCBE010000117.1@full__full-cat_2,3,MK,Cytidylyltransferase,,,,,,amg_database,,Roux et al. 2016,FALSE
JAGCBE010000117.1@full__full-cat_2_67,PF01467,JAGCBE010000117.1@full__full-cat_2,3,MK,Cytidylyltransferase,,,,,,amg_database,,Roux et al. 2016,FALSE
JAGCBE010000251.1@full__full-cat_2_59,PF01467,JAGCBE010000251.1@full__full-cat_2,3,MK,Cytidylyltransferase,,,,,,amg_database,,Roux et al. 2016,FALSE
JAGCBE010000339.1@full__full-cat_1_100,PF01467,JAGCBE010000339.1@full__full-cat_1,2,MKT,Cytidylyltransferase,,,,,,amg_database,,Roux et al. 2016,FALSE
JAGCLR010000032.1@full__full-cat_1_17,PF02348,JAGCLR010000032.1@full__full-cat_1,2,MK,Cytidylyltransferase,,,,,,amg_database,,Roux et al. 2016,FALSE
JAGCLR010000226.1@full__full-cat_2_21,PF01467,JAGCLR010000226.1@full__full-cat_2,3,MK,Cytidylyltransferase,,,,,,amg_database,,Roux et al. 2016,FALSE
JAGCLR010000337.1@full__full-cat_2_66,PF01467,JAGCLR010000337.1@full__full-cat_2,3,MKF,Cytidylyltransferase,,,,,,amg_database,,Roux et al. 2016,FALSE
CAKVFS010000003.1@0_partial_1__full-cat_1_61,K01494,CAKVFS010000003.1@0_partial_1__full-cat_1,2,M,dCTP deaminase [EC:3.5.4.13] [RN:R02325],"Pyrimidine deoxyribonuleotide biosynthesis, CDP/CTP => dCDP/dCTP,dTDP/dTTP",MISC,Information systems,Nucleotide,TRUE,genome_summary_form,,,
IMGVR_UViG_3300021540_000004.3300021540.Ga0214517_100030__full-cat_1_108,K01494,IMGVR_UViG_3300021540_000004.3300021540.Ga0214517_100030__full-cat_1,2,MT,dCTP deaminase [EC:3.5.4.13] [RN:R02325],"Pyrimidine deoxyribonuleotide biosynthesis, CDP/CTP => dCDP/dCTP,dTDP/dTTP",MISC,Information systems,Nucleotide,TRUE,genome_summary_form,,,
IMGVR_UViG_3300028591_000222.3300028591.Ga0247611_10000764__full-cat_1_36,K01494,IMGVR_UViG_3300028591_000222.3300028591.Ga0247611_10000764__full-cat_1,2,M,dCTP deaminase [EC:3.5.4.13] [RN:R02325],"Pyrimidine deoxyribonuleotide biosynthesis, CDP/CTP => dCDP/dCTP,dTDP/dTTP",MISC,Information systems,Nucleotide,TRUE,genome_summary_form,,,
IMGVR_UViG_3300031760_000087.3300031760.Ga0326513_10000143__full-cat_1_43,K01494,IMGVR_UViG_3300031760_000087.3300031760.Ga0326513_10000143__full-cat_1,2,M,dCTP deaminase [EC:3.5.4.13] [RN:R02325],"Pyrimidine deoxyribonuleotide biosynthesis, CDP/CTP => dCDP/dCTP,dTDP/dTTP",MISC,Information systems,Nucleotide,TRUE,genome_summary_form,,,
IMGVR_UViG_3300032007_000060.3300032007.Ga0310695_10000711__full-cat_1_15,K01494,IMGVR_UViG_3300032007_000060.3300032007.Ga0310695_10000711__full-cat_1,2,M,dCTP deaminase [EC:3.5.4.13] [RN:R02325],"Pyrimidine deoxyribonuleotide biosynthesis, CDP/CTP => dCDP/dCTP,dTDP/dTTP",MISC,Information systems,Nucleotide,TRUE,genome_summary_form,,,
IMGVR_UViG_3300045988_179044.3300045988.Ga0495776_047128__full-cat_1_20,K01494,IMGVR_UViG_3300045988_179044.3300045988.Ga0495776_047128__full-cat_1,2,M,dCTP deaminase [EC:3.5.4.13] [RN:R02325],"Pyrimidine deoxyribonuleotide biosynthesis, CDP/CTP => dCDP/dCTP,dTDP/dTTP",MISC,Information systems,Nucleotide,TRUE,genome_summary_form,,,
JAFQXD010000040.1@full_1__full-cat_2_116,K01494,JAFQXD010000040.1@full_1__full-cat_2,3,MT,dCTP deaminase [EC:3.5.4.13] [RN:R02325],"Pyrimidine deoxyribonuleotide biosynthesis, CDP/CTP => dCDP/dCTP,dTDP/dTTP",MISC,Information systems,Nucleotide,TRUE,genome_summary_form,,,
JAFRFB010000003.1@full_1__full-cat_1_81,K01494,JAFRFB010000003.1@full_1__full-cat_1,2,M,dCTP deaminase [EC:3.5.4.13] [RN:R02325],"Pyrimidine deoxyribonuleotide biosynthesis, CDP/CTP => dCDP/dCTP,dTDP/dTTP",MISC,Information systems,Nucleotide,TRUE,genome_summary_form,,,
JAFRMD010000120.1@full__full-cat_1_60,K01494,JAFRMD010000120.1@full__full-cat_1,2,MT,dCTP deaminase [EC:3.5.4.13] [RN:R02325],"Pyrimidine deoxyribonuleotide biosynthesis, CDP/CTP => dCDP/dCTP,dTDP/dTTP",MISC,Information systems,Nucleotide,TRUE,genome_summary_form,,,
JAFUHT010000036.1@full__full-cat_1_51,K01494,JAFUHT010000036.1@full__full-cat_1,2,M,dCTP deaminase [EC:3.5.4.13] [RN:R02325],"Pyrimidine deoxyribonuleotide biosynthesis, CDP/CTP => dCDP/dCTP,dTDP/dTTP",MISC,Information systems,Nucleotide,TRUE,genome_summary_form,,,
JAFUHT010000040.1@full__full-cat_1_9,K01494,JAFUHT010000040.1@full__full-cat_1,2,MF,dCTP deaminase [EC:3.5.4.13] [RN:R02325],"Pyrimidine deoxyribonuleotide biosynthesis, CDP/CTP => dCDP/dCTP,dTDP/dTTP",MISC,Information systems,Nucleotide,TRUE,genome_summary_form,,,
JAFUIW010000028.1@full__full-cat_1_34,K01494,JAFUIW010000028.1@full__full-cat_1,2,M,dCTP deaminase [EC:3.5.4.13] [RN:R02325],"Pyrimidine deoxyribonuleotide biosynthesis, CDP/CTP => dCDP/dCTP,dTDP/dTTP",MISC,Information systems,Nucleotide,TRUE,genome_summary_form,,,
JAGCBE010000521.1@full__full-cat_2_26,K01494,JAGCBE010000521.1@full__full-cat_2,3,MF,dCTP deaminase [EC:3.5.4.13] [RN:R02325],"Pyrimidine deoxyribonuleotide biosynthesis, CDP/CTP => dCDP/dCTP,dTDP/dTTP",MISC,Information systems,Nucleotide,TRUE,genome_summary_form,,,
JAGCLR010000321.1@full__full-cat_2_7,K01494,JAGCLR010000321.1@full__full-cat_2,3,MF,dCTP deaminase [EC:3.5.4.13] [RN:R02325],"Pyrimidine deoxyribonuleotide biosynthesis, CDP/CTP => dCDP/dCTP,dTDP/dTTP",MISC,Information systems,Nucleotide,TRUE,genome_summary_form,,,
CACWVY010000014.1@full_1__full-cat_1_27,K00558,CACWVY010000014.1@full_1__full-cat_1,2,M,DNA (cytosine-5-)-methyltransferase [EC:2.1.1.37] [RN:R04858],Methionine degradation,Organic Nitrogen,Amino Acid,,TRUE,genome_summary_form,,,
CACWVY010000024.1@full__full-cat_1_36,K00558,CACWVY010000024.1@full__full-cat_1,1,M,DNA (cytosine-5-)-methyltransferase [EC:2.1.1.37] [RN:R04858],Methionine degradation,Organic Nitrogen,Amino Acid,,TRUE,genome_summary_form,,,
CACYVR010000001.1@full__full-cat_1_75,K00558,CACYVR010000001.1@full__full-cat_1,1,M,DNA (cytosine-5-)-methyltransferase [EC:2.1.1.37] [RN:R04858],Methionine degradation,Organic Nitrogen,Amino Acid,,TRUE,genome_summary_form,,,
IMGVR_UViG_3300021400_000962.3300021400.Ga0224422_11460810__full-cat_1_37,K00558,IMGVR_UViG_3300021400_000962.3300021400.Ga0224422_11460810__full-cat_1,2,MF,DNA (cytosine-5-)-methyltransferase [EC:2.1.1.37] [RN:R04858],Methionine degradation,Organic Nitrogen,Amino Acid,,TRUE,genome_summary_form,,,
IMGVR_UViG_3300031760_000087.3300031760.Ga0326513_10000143__full-cat_1_58,K00558,IMGVR_UViG_3300031760_000087.3300031760.Ga0326513_10000143__full-cat_1,2,M,DNA (cytosine-5-)-methyltransferase [EC:2.1.1.37] [RN:R04858],Methionine degradation,Organic Nitrogen,Amino Acid,,TRUE,genome_summary_form,,,
IMGVR_UViG_3300035050_000070.3300035050.Ga0376522_000413__full-cat_1_32,K00558,IMGVR_UViG_3300035050_000070.3300035050.Ga0376522_000413__full-cat_1,1,M,DNA (cytosine-5-)-methyltransferase [EC:2.1.1.37] [RN:R04858],Methionine degradation,Organic Nitrogen,Amino Acid,,TRUE,genome_summary_form,,,
JAFQSO010000013.1@full_1__full-cat_1_16,K00558,JAFQSO010000013.1@full_1__full-cat_1,2,M,DNA (cytosine-5-)-methyltransferase [EC:2.1.1.37] [RN:R04858],Methionine degradation,Organic Nitrogen,Amino Acid,,TRUE,genome_summary_form,,,
JAFRFB010000122.1@full__full-cat_2_10,K00558,JAFRFB010000122.1@full__full-cat_2,3,MF,DNA (cytosine-5-)-methyltransferase [EC:2.1.1.37] [RN:R04858],Methionine degradation,Organic Nitrogen,Amino Acid,,TRUE,genome_summary_form,,,
JAFUHT010000036.1@full__full-cat_1_61,K00558,JAFUHT010000036.1@full__full-cat_1,2,M,DNA (cytosine-5-)-methyltransferase [EC:2.1.1.37] [RN:R04858],Methionine degradation,Organic Nitrogen,Amino Acid,,TRUE,genome_summary_form,,,
JAGAXX010000077.1@full_1__full-cat_1_19,K00558,JAGAXX010000077.1@full_1__full-cat_1,1,M,DNA (cytosine-5-)-methyltransferase [EC:2.1.1.37] [RN:R04858],Methionine degradation,Organic Nitrogen,Amino Acid,,TRUE,genome_summary_form,,,
OMWA01000012.1@full_1__full-cat_1_44,K00558,OMWA01000012.1@full_1__full-cat_1,2,M,DNA (cytosine-5-)-methyltransferase [EC:2.1.1.37] [RN:R04858],Methionine degradation,Organic Nitrogen,Amino Acid,,TRUE,genome_summary_form,,,
ONUN01000028.1@full__full-cat_1_31,K00558,ONUN01000028.1@full__full-cat_1,1,MF,DNA (cytosine-5-)-methyltransferase [EC:2.1.1.37] [RN:R04858],Methionine degradation,Organic Nitrogen,Amino Acid,,TRUE,genome_summary_form,,,
ONUN01000028.1@full__full-cat_1_34,K00558,ONUN01000028.1@full__full-cat_1,1,MF,DNA (cytosine-5-)-methyltransferase [EC:2.1.1.37] [RN:R04858],Methionine degradation,Organic Nitrogen,Amino Acid,,TRUE,genome_summary_form,,,
PGYO01000001.1@0_partial__full-cat_1_41,K00558,PGYO01000001.1@0_partial__full-cat_1,2,M,DNA (cytosine-5-)-methyltransferase [EC:2.1.1.37] [RN:R04858],Methionine degradation,Organic Nitrogen,Amino Acid,,TRUE,genome_summary_form,,,
SUTM01000007.1@0_partial_1__full-cat_1_7,K00558,SUTM01000007.1@0_partial_1__full-cat_1,2,M,DNA (cytosine-5-)-methyltransferase [EC:2.1.1.37] [RN:R04858],Methionine degradation,Organic Nitrogen,Amino Acid,,TRUE,genome_summary_form,,,
SUTM01000007.1@0_partial_1__full-cat_1_8,K00558,SUTM01000007.1@0_partial_1__full-cat_1,2,M,DNA (cytosine-5-)-methyltransferase [EC:2.1.1.37] [RN:R04858],Methionine degradation,Organic Nitrogen,Amino Acid,,TRUE,genome_summary_form,,,
JAFRFD010000012.1@full__full-cat_1_127,K00943,JAFRFD010000012.1@full__full-cat_1,2,M,dTMP kinase [EC:2.7.4.9] [RN:R02094],"Pyrimidine deoxyribonuleotide biosynthesis, CDP/CTP => dCDP/dCTP,dTDP/dTTP",MISC,Information systems,Nucleotide,TRUE,genome_summary_form,,,
CAAFWR010000062.1@full__full-cat_2_11,K01520,CAAFWR010000062.1@full__full-cat_2,3,M,dUTP pyrophosphatase [EC:3.6.1.23] [RN:R02100],"Pyrimidine deoxyribonuleotide biosynthesis, CDP/CTP => dCDP/dCTP,dTDP/dTTP",MISC,Information systems,Nucleotide,TRUE,genome_summary_form,,,
CAAFWR010000111.1@full__full-cat_1_96,K01520,CAAFWR010000111.1@full__full-cat_1,1,M,dUTP pyrophosphatase [EC:3.6.1.23] [RN:R02100],"Pyrimidine deoxyribonuleotide biosynthesis, CDP/CTP => dCDP/dCTP,dTDP/dTTP",MISC,Information systems,Nucleotide,TRUE,genome_summary_form,,,
CAAFWR010000123.1@full__full-cat_1_94,K01520,CAAFWR010000123.1@full__full-cat_1,2,M,dUTP pyrophosphatase [EC:3.6.1.23] [RN:R02100],"Pyrimidine deoxyribonuleotide biosynthesis, CDP/CTP => dCDP/dCTP,dTDP/dTTP",MISC,Information systems,Nucleotide,TRUE,genome_summary_form,,,
CACYVR010000001.1@full__full-cat_1_110,K01520,CACYVR010000001.1@full__full-cat_1,1,M,dUTP pyrophosphatase [EC:3.6.1.23] [RN:R02100],"Pyrimidine deoxyribonuleotide biosynthesis, CDP/CTP => dCDP/dCTP,dTDP/dTTP",MISC,Information systems,Nucleotide,TRUE,genome_summary_form,,,
IMGVR_UViG_3300031987_000009.3300031987.Ga0326338_100029__full-cat_1_38,K01520,IMGVR_UViG_3300031987_000009.3300031987.Ga0326338_100029__full-cat_1,2,M,dUTP pyrophosphatase [EC:3.6.1.23] [RN:R02100],"Pyrimidine deoxyribonuleotide biosynthesis, CDP/CTP => dCDP/dCTP,dTDP/dTTP",MISC,Information systems,Nucleotide,TRUE,genome_summary_form,,,
IMGVR_UViG_3300035540_000047.3300035540.Ga0376502_000127__full-cat_1_10,K01520,IMGVR_UViG_3300035540_000047.3300035540.Ga0376502_000127__full-cat_1,2,MT,dUTP pyrophosphatase [EC:3.6.1.23] [RN:R02100],"Pyrimidine deoxyribonuleotide biosynthesis, CDP/CTP => dCDP/dCTP,dTDP/dTTP",MISC,Information systems,Nucleotide,TRUE,genome_summary_form,,,
IMGVR_UViG_3300045988_092702.3300045988.Ga0495776_185759__full-cat_1_41,K01520,IMGVR_UViG_3300045988_092702.3300045988.Ga0495776_185759__full-cat_1,2,M,dUTP pyrophosphatase [EC:3.6.1.23] [RN:R02100],"Pyrimidine deoxyribonuleotide biosynthesis, CDP/CTP => dCDP/dCTP,dTDP/dTTP",MISC,Information systems,Nucleotide,TRUE,genome_summary_form,,,
JAFRFB010000076.1@full__full-cat_1_9,K01520,JAFRFB010000076.1@full__full-cat_1,2,MF,dUTP pyrophosphatase [EC:3.6.1.23] [RN:R02100],"Pyrimidine deoxyribonuleotide biosynthesis, CDP/CTP => dCDP/dCTP,dTDP/dTTP",MISC,Information systems,Nucleotide,TRUE,genome_summary_form,,,
JAFRFD010000012.1@full__full-cat_1_81,K01520,JAFRFD010000012.1@full__full-cat_1,2,M,dUTP pyrophosphatase [EC:3.6.1.23] [RN:R02100],"Pyrimidine deoxyribonuleotide biosynthesis, CDP/CTP => dCDP/dCTP,dTDP/dTTP",MISC,Information systems,Nucleotide,TRUE,genome_summary_form,,,
JAFRFD010000017.1@full__full-cat_1_66,K01520,JAFRFD010000017.1@full__full-cat_1,2,MF,dUTP pyrophosphatase [EC:3.6.1.23] [RN:R02100],"Pyrimidine deoxyribonuleotide biosynthesis, CDP/CTP => dCDP/dCTP,dTDP/dTTP",MISC,Information systems,Nucleotide,TRUE,genome_summary_form,,,
JAGCBE010000103.1@full__full-cat_1_66,K01520,JAGCBE010000103.1@full__full-cat_1,1,M,dUTP pyrophosphatase [EC:3.6.1.23] [RN:R02100],"Pyrimidine deoxyribonuleotide biosynthesis, CDP/CTP => dCDP/dCTP,dTDP/dTTP",MISC,Information systems,Nucleotide,TRUE,genome_summary_form,,,
JAGCBE010000205.1@full__full-cat_1_41,K01520,JAGCBE010000205.1@full__full-cat_1,2,M,dUTP pyrophosphatase [EC:3.6.1.23] [RN:R02100],"Pyrimidine deoxyribonuleotide biosynthesis, CDP/CTP => dCDP/dCTP,dTDP/dTTP",MISC,Information systems,Nucleotide,TRUE,genome_summary_form,,,
JAGCBE010000255.1@full__full-cat_2_20,K01520,JAGCBE010000255.1@full__full-cat_2,3,M,dUTP pyrophosphatase [EC:3.6.1.23] [RN:R02100],"Pyrimidine deoxyribonuleotide biosynthesis, CDP/CTP => dCDP/dCTP,dTDP/dTTP",MISC,Information systems,Nucleotide,TRUE,genome_summary_form,,,
JAGCBE010000347.1@full__full-cat_1_29,K01520,JAGCBE010000347.1@full__full-cat_1,1,M,dUTP pyrophosphatase [EC:3.6.1.23] [RN:R02100],"Pyrimidine deoxyribonuleotide biosynthesis, CDP/CTP => dCDP/dCTP,dTDP/dTTP",MISC,Information systems,Nucleotide,TRUE,genome_summary_form,,,
JAGCBE010000371.1@full__full-cat_1_13,K01520,JAGCBE010000371.1@full__full-cat_1,2,M,dUTP pyrophosphatase [EC:3.6.1.23] [RN:R02100],"Pyrimidine deoxyribonuleotide biosynthesis, CDP/CTP => dCDP/dCTP,dTDP/dTTP",MISC,Information systems,Nucleotide,TRUE,genome_summary_form,,,
JAGCBE010000432.1@full__full-cat_1_16,K01520,JAGCBE010000432.1@full__full-cat_1,2,M,dUTP pyrophosphatase [EC:3.6.1.23] [RN:R02100],"Pyrimidine deoxyribonuleotide biosynthesis, CDP/CTP => dCDP/dCTP,dTDP/dTTP",MISC,Information systems,Nucleotide,TRUE,genome_summary_form,,,
JAGCBE010000439.1@full__full-cat_1_47,K01520,JAGCBE010000439.1@full__full-cat_1,2,M,dUTP pyrophosphatase [EC:3.6.1.23] [RN:R02100],"Pyrimidine deoxyribonuleotide biosynthesis, CDP/CTP => dCDP/dCTP,dTDP/dTTP",MISC,Information systems,Nucleotide,TRUE,genome_summary_form,,,
JAGCBE010000491.1@full__full-cat_1_23,K01520,JAGCBE010000491.1@full__full-cat_1,2,M,dUTP pyrophosphatase [EC:3.6.1.23] [RN:R02100],"Pyrimidine deoxyribonuleotide biosynthesis, CDP/CTP => dCDP/dCTP,dTDP/dTTP",MISC,Information systems,Nucleotide,TRUE,genome_summary_form,,,
JAGCBE010000544.1@full__full-cat_2_44,K01520,JAGCBE010000544.1@full__full-cat_2,3,M,dUTP pyrophosphatase [EC:3.6.1.23] [RN:R02100],"Pyrimidine deoxyribonuleotide biosynthesis, CDP/CTP => dCDP/dCTP,dTDP/dTTP",MISC,Information systems,Nucleotide,TRUE,genome_summary_form,,,
JAGCLR010000230.1@full__full-cat_1_16,K01520,JAGCLR010000230.1@full__full-cat_1,2,M,dUTP pyrophosphatase [EC:3.6.1.23] [RN:R02100],"Pyrimidine deoxyribonuleotide biosynthesis, CDP/CTP => dCDP/dCTP,dTDP/dTTP",MISC,Information systems,Nucleotide,TRUE,genome_summary_form,,,
JAGCLR010000236.1@full__full-cat_1_34,K01520,JAGCLR010000236.1@full__full-cat_1,2,M,dUTP pyrophosphatase [EC:3.6.1.23] [RN:R02100],"Pyrimidine deoxyribonuleotide biosynthesis, CDP/CTP => dCDP/dCTP,dTDP/dTTP",MISC,Information systems,Nucleotide,TRUE,genome_summary_form,,,
JAGCLR010000316.1@full__full-cat_1_112,K01520,JAGCLR010000316.1@full__full-cat_1,2,M,dUTP pyrophosphatase [EC:3.6.1.23] [RN:R02100],"Pyrimidine deoxyribonuleotide biosynthesis, CDP/CTP => dCDP/dCTP,dTDP/dTTP",MISC,Information systems,Nucleotide,TRUE,genome_summary_form,,,
JAGCLR010000373.1@full__full-cat_1_101,K01520,JAGCLR010000373.1@full__full-cat_1,2,MF,dUTP pyrophosphatase [EC:3.6.1.23] [RN:R02100],"Pyrimidine deoxyribonuleotide biosynthesis, CDP/CTP => dCDP/dCTP,dTDP/dTTP",MISC,Information systems,Nucleotide,TRUE,genome_summary_form,,,
JAIPUR010000020.1@full__full-cat_1_41,K01520,JAIPUR010000020.1@full__full-cat_1,2,M,dUTP pyrophosphatase [EC:3.6.1.23] [RN:R02100],"Pyrimidine deoxyribonuleotide biosynthesis, CDP/CTP => dCDP/dCTP,dTDP/dTTP",MISC,Information systems,Nucleotide,TRUE,genome_summary_form,,,
JAKSUE010000001.1@full__full-cat_1_63,K01520,JAKSUE010000001.1@full__full-cat_1,2,MF,dUTP pyrophosphatase [EC:3.6.1.23] [RN:R02100],"Pyrimidine deoxyribonuleotide biosynthesis, CDP/CTP => dCDP/dCTP,dTDP/dTTP",MISC,Information systems,Nucleotide,TRUE,genome_summary_form,,,
JAKSUH010000001.1@full__full-cat_1_41,K01520,JAKSUH010000001.1@full__full-cat_1,2,M,dUTP pyrophosphatase [EC:3.6.1.23] [RN:R02100],"Pyrimidine deoxyribonuleotide biosynthesis, CDP/CTP => dCDP/dCTP,dTDP/dTTP",MISC,Information systems,Nucleotide,TRUE,genome_summary_form,,,
OMVX01000012.1@full__full-cat_1_28,K01520,OMVX01000012.1@full__full-cat_1,2,M,dUTP pyrophosphatase [EC:3.6.1.23] [RN:R02100],"Pyrimidine deoxyribonuleotide biosynthesis, CDP/CTP => dCDP/dCTP,dTDP/dTTP",MISC,Information systems,Nucleotide,TRUE,genome_summary_form,,,
PLXT01000082.1@full__full-cat_2_7,K01520,PLXT01000082.1@full__full-cat_2,3,M,dUTP pyrophosphatase [EC:3.6.1.23] [RN:R02100],"Pyrimidine deoxyribonuleotide biosynthesis, CDP/CTP => dCDP/dCTP,dTDP/dTTP",MISC,Information systems,Nucleotide,TRUE,genome_summary_form,,,
SFKZ01000029.1@full__full-cat_2_16,K01520,SFKZ01000029.1@full__full-cat_2,3,M,dUTP pyrophosphatase [EC:3.6.1.23] [RN:R02100],"Pyrimidine deoxyribonuleotide biosynthesis, CDP/CTP => dCDP/dCTP,dTDP/dTTP",MISC,Information systems,Nucleotide,TRUE,genome_summary_form,,,
JAGCBE010000113.1@full__full-cat_1_31,PF13561,JAGCBE010000113.1@full__full-cat_1,1,MK,Enoyl-(Acyl carrier protein) reductase,,,,,,amg_database,M,Roux et al. 2016,FALSE
JAGCLR010000363.1@full__full-cat_1_146,PF13561,JAGCLR010000363.1@full__full-cat_1,1,MKT,Enoyl-(Acyl carrier protein) reductase,,,,,,amg_database,M,Roux et al. 2016,FALSE
JAHFBZ010000117.1@full__full-cat_2_4,PF01070,JAHFBZ010000117.1@full__full-cat_2,3,MKF,FMN-dependent dehydrogenase,,,,,,amg_database,M,Roux et al. 2016,FALSE
CACYVR010000001.1@full__full-cat_1_64,K00656,CACYVR010000001.1@full__full-cat_1,1,M,formate acetyltransferase (pyruvate-formate lyase ),pyruvate metabolism,carbon utilization,pyruvate metabolism,,TRUE,genome_summary_form,,,
JAFRFB010000096.1@full__full-cat_1_21,PF00534,JAFRFB010000096.1@full__full-cat_1,1,MK,Glycosyl transferases group 1,,,,,,amg_database,,Roux et al. 2016,FALSE
JAFUCN010000069.1@full__full-cat_1_118,PF00534,JAFUCN010000069.1@full__full-cat_1,2,MK,Glycosyl transferases group 1,,,,,,amg_database,,Roux et al. 2016,FALSE
NZ_CP009525.1@full__full-cat_1_13,PF00534,NZ_CP009525.1@full__full-cat_1,2,MKT,Glycosyl transferases group 1,,,,,,amg_database,,Roux et al. 2016,FALSE
SFKZ01000005.1@full__full-cat_1_118,PF00534,SFKZ01000005.1@full__full-cat_1,2,MKF,Glycosyl transferases group 1,,,,,,amg_database,,Roux et al. 2016,FALSE
IMGVR_UViG_3300044701_005757.3300044701.Ga0451755_0000276__full-cat_1_39,PF04724,IMGVR_UViG_3300044701_005757.3300044701.Ga0451755_0000276__full-cat_1,1,MK,Glycosyltransferase family 17,,,,,,amg_database,,Roux et al. 2016,FALSE
JAFRFB010000096.1@full__full-cat_1_21,GT2,JAFRFB010000096.1@full__full-cat_1,1,MK,GT2 cellulose synthase (EC 2.4.1.12),GlycosylTransferases,carbon utilization,CAZY,,TRUE,genome_summary_form,,,
JAFRFD010000049.1@full__full-cat_1_7,GT2,JAFRFD010000049.1@full__full-cat_1,2,M,GT2 cellulose synthase (EC 2.4.1.12),GlycosylTransferases,carbon utilization,CAZY,,TRUE,genome_summary_form,,,
JAFRKG010000059.1@full__full-cat_1_21,GT2,JAFRKG010000059.1@full__full-cat_1,1,M,GT2 cellulose synthase (EC 2.4.1.12),GlycosylTransferases,carbon utilization,CAZY,,TRUE,genome_summary_form,,,
JAFRKG010000185.1@full__full-cat_1_15,GT2,JAFRKG010000185.1@full__full-cat_1,1,M,GT2 cellulose synthase (EC 2.4.1.12),GlycosylTransferases,carbon utilization,CAZY,,TRUE,genome_summary_form,,,
JAGCBE010000292.1@full__full-cat_1_44,GT2,JAGCBE010000292.1@full__full-cat_1,1,M,GT2 cellulose synthase (EC 2.4.1.12),GlycosylTransferases,carbon utilization,CAZY,,TRUE,genome_summary_form,,,
JAGCBE010000347.1@full__full-cat_1_30,GT2,JAGCBE010000347.1@full__full-cat_1,1,M,GT2 cellulose synthase (EC 2.4.1.12),GlycosylTransferases,carbon utilization,CAZY,,TRUE,genome_summary_form,,,
NZ_CP009525.1@full__full-cat_1_8,GT2,NZ_CP009525.1@full__full-cat_1,2,MT,GT2 cellulose synthase (EC 2.4.1.12),GlycosylTransferases,carbon utilization,CAZY,,TRUE,genome_summary_form,,,
SFKZ01000005.1@full__full-cat_1_38,GT2,SFKZ01000005.1@full__full-cat_1,2,M,GT2 cellulose synthase (EC 2.4.1.12),GlycosylTransferases,carbon utilization,CAZY,,TRUE,genome_summary_form,,,
CAKVFS010000003.1@0_partial_1__full-cat_1_40,PF01227,CAKVFS010000003.1@0_partial_1__full-cat_1,2,MK,GTP cyclohydrolase I,,,,,,amg_database,,Roux et al. 2016,FALSE
IMGVR_UViG_3300025678_000508.3300025678.Ga0208695_1000493_1__full-cat_1_37,PF01227,IMGVR_UViG_3300025678_000508.3300025678.Ga0208695_1000493_1__full-cat_1,2,MKT,GTP cyclohydrolase I,,,,,,amg_database,,Roux et al. 2016,FALSE
IMGVR_UViG_3300029303_000310.3300029303.Ga0168703_1000088.12329*61175__full-cat_1_36,PF01227,IMGVR_UViG_3300029303_000310.3300029303.Ga0168703_1000088.12329*61175__full-cat_1,2,MK,GTP cyclohydrolase I,,,,,,amg_database,,Roux et al. 2016,FALSE
IMGVR_UViG_3300045988_178991.3300045988.Ga0495776_136811__full-cat_1_76,PF01227,IMGVR_UViG_3300045988_178991.3300045988.Ga0495776_136811__full-cat_1,2,MK,GTP cyclohydrolase I,,,,,,amg_database,,Roux et al. 2016,FALSE
JAGCBE010000113.1@full__full-cat_1_35,PF01227,JAGCBE010000113.1@full__full-cat_1,1,MK,GTP cyclohydrolase I,,,,,,amg_database,,Roux et al. 2016,FALSE
JAGCLR010000363.1@full__full-cat_1_150,PF01227,JAGCLR010000363.1@full__full-cat_1,1,MKT,GTP cyclohydrolase I,,,,,,amg_database,,Roux et al. 2016,FALSE
CACYVR010000001.1@full__full-cat_1_102,PF00625,CACYVR010000001.1@full__full-cat_1,1,MK,Guanylate kinase,,,,,,amg_database,,Roux et al. 2016,FALSE
IMGVR_UViG_3300045988_178991.3300045988.Ga0495776_136811__full-cat_1_50,PF00625,IMGVR_UViG_3300045988_178991.3300045988.Ga0495776_136811__full-cat_1,2,MK,Guanylate kinase,,,,,,amg_database,,Roux et al. 2016,FALSE
JAGCBE010000186.1@full__full-cat_1_40,PF00625,JAGCBE010000186.1@full__full-cat_1,2,MKF,Guanylate kinase,,,,,,amg_database,,Roux et al. 2016,FALSE
JAGCBE010000347.1@full__full-cat_1_22,PF00625,JAGCBE010000347.1@full__full-cat_1,1,MK,Guanylate kinase,,,,,,amg_database,,Roux et al. 2016,FALSE
JAGCLR010000187.1@full__full-cat_1_51,PF00625,JAGCLR010000187.1@full__full-cat_1,2,MKF,Guanylate kinase,,,,,,amg_database,,Roux et al. 2016,FALSE
JAGCLR010000230.1@full__full-cat_1_9,PF00625,JAGCLR010000230.1@full__full-cat_1,2,MK,Guanylate kinase,,,,,,amg_database,,Roux et al. 2016,FALSE
IMGVR_UViG_3300035540_000047.3300035540.Ga0376502_000127__full-cat_1_71,U56,IMGVR_UViG_3300035540_000047.3300035540.Ga0376502_000127__full-cat_1,1,MT,"hydrolyses substrates of chymotrypsin, trypsin, and casein",Endopeptidases,Organic Nitrogen,Peptidase,,TRUE,genome_summary_form,,,
NZ_JANUCS010000013.1@0_partial_1__full-cat_1_11,U56,NZ_JANUCS010000013.1@0_partial_1__full-cat_1,1,MF,"hydrolyses substrates of chymotrypsin, trypsin, and casein",Endopeptidases,Organic Nitrogen,Peptidase,,TRUE,genome_summary_form,,,
NZ_LWMT01000036.1@full__full-cat_2_4,K05884,NZ_LWMT01000036.1@full__full-cat_2,3,MF,L-2-hydroxycarboxylate dehydrogenase (NAD+) [EC:1.1.1.337] [RN:R07136],Coenzyme M biosynthesis,Energy,C1,,TRUE,genome_summary_form,,,
k141_498679_length_5596_cov_9.0000@full__full-cat_2_3,K05884,k141_498679_length_5596_cov_9.0000@full__full-cat_2,3,MF,L-2-hydroxycarboxylate dehydrogenase (NAD+) [EC:1.1.1.337] [RN:R07136],Coenzyme M biosynthesis,Energy,C1,,TRUE,genome_summary_form,,,
k141_826010_length_5402_cov_12.0450@full__full-cat_2_2,K05884,k141_826010_length_5402_cov_12.0450@full__full-cat_2,3,MF,L-2-hydroxycarboxylate dehydrogenase (NAD+) [EC:1.1.1.337] [RN:R07136],Coenzyme M biosynthesis,Energy,C1,,TRUE,genome_summary_form,,,
DUKH01000187.1@full__full-cat_1_34,PF00206,DUKH01000187.1@full__full-cat_1,2,MK,Lyase,,,,,,amg_database,,Roux et al. 2016,FALSE
JAGCLR010000032.1@full__full-cat_1_16,PF01050,JAGCLR010000032.1@full__full-cat_1,2,MK,manA; mannose-6-phosphate isomerase,,,,,,amg_database,M,Roux et al. 2016; Hurwitz et al. 2015,FALSE
JAGCBE010000024.1@full__full-cat_1_8,PF01832,JAGCBE010000024.1@full__full-cat_1,1,MK,Mannosyl-glycoprotein endo-beta-N-acetylglucosaminidase,,,,,,amg_database,,Roux et al. 2016,FALSE
CACXTS010000014.1@full__full-cat_1_9,PF01370,CACXTS010000014.1@full__full-cat_1,2,MK,NAD dependent epimerase/dehydratase family,,,,,,amg_database,,Roux et al. 2016,FALSE
IMGVR_UViG_3300031951_000283.3300031951.Ga0315904_10000894__full-cat_1_28,PF01370,IMGVR_UViG_3300031951_000283.3300031951.Ga0315904_10000894__full-cat_1,1,MK,NAD dependent epimerase/dehydratase family,,,,,,amg_database,,Roux et al. 2016,FALSE
JAFRFD010000012.1@full__full-cat_1_2,PF01370,JAFRFD010000012.1@full__full-cat_1,2,MKF,NAD dependent epimerase/dehydratase family,,,,,,amg_database,,Roux et al. 2016,FALSE
JAFRFD010000012.1@full__full-cat_1_4,PF01370,JAFRFD010000012.1@full__full-cat_1,2,MKF,NAD dependent epimerase/dehydratase family,,,,,,amg_database,,Roux et al. 2016,FALSE
PLXT01000001.1@full__full-cat_1_28,PF01370,PLXT01000001.1@full__full-cat_1,2,MKF,NAD dependent epimerase/dehydratase family,,,,,,amg_database,,Roux et al. 2016,FALSE
CADAJR010000048.1@full__full-cat_2_6,PF04095,CADAJR010000048.1@full__full-cat_2,3,MKTF,Nicotinate phosphoribosyltransferase (NAPRTase) family,,,,,,amg_database,,Roux et al. 2016,FALSE
JAFQXD010000042.1@full__full-cat_1_208,PF04095,JAFQXD010000042.1@full__full-cat_1,2,MK,Nicotinate phosphoribosyltransferase (NAPRTase) family,,,,,,amg_database,,Roux et al. 2016,FALSE
JAGCBE010000117.1@full__full-cat_2_54,PF04095,JAGCBE010000117.1@full__full-cat_2,3,MK,Nicotinate phosphoribosyltransferase (NAPRTase) family,,,,,,amg_database,,Roux et al. 2016,FALSE
JAGCLR010000226.1@full__full-cat_2_14,PF04095,JAGCLR010000226.1@full__full-cat_2,3,MK,Nicotinate phosphoribosyltransferase (NAPRTase) family,,,,,,amg_database,,Roux et al. 2016,FALSE
JAGCLR010000389.1@full__full-cat_2_7,PF04095,JAGCLR010000389.1@full__full-cat_2,3,MKF,Nicotinate phosphoribosyltransferase (NAPRTase) family,,,,,,amg_database,,Roux et al. 2016,FALSE
PLXT01000115.1@full__full-cat_1_162,PF04095,PLXT01000115.1@full__full-cat_1,2,MKT,Nicotinate phosphoribosyltransferase (NAPRTase) family,,,,,,amg_database,,Roux et al. 2016,FALSE
CACYVR010000001.1@full__full-cat_1_103,PF03477,CACYVR010000001.1@full__full-cat_1,1,MKE,nrdA/nrdB; ribonucleotide reductase (RNR),M00053,,,,,amg_database,,Thompson et al. 2011; Sullivan et al. 2005,TRUE
IMGVR_UViG_3300031951_000283.3300031951.Ga0315904_10000894__full-cat_1_4,PF02867,IMGVR_UViG_3300031951_000283.3300031951.Ga0315904_10000894__full-cat_1,1,MKE,nrdA/nrdB; ribonucleotide reductase (RNR),M00053,,,,,amg_database,,Thompson et al. 2011; Sullivan et al. 2005,TRUE
IMGVR_UViG_3300045988_092702.3300045988.Ga0495776_185759__full-cat_1_6,PF03477,IMGVR_UViG_3300045988_092702.3300045988.Ga0495776_185759__full-cat_1,1,MKEF,nrdA/nrdB; ribonucleotide reductase (RNR),M00053,,,,,amg_database,,Thompson et al. 2011; Sullivan et al. 2005,TRUE
JAFQXD010000042.1@full__full-cat_1_165,PF03477,JAFQXD010000042.1@full__full-cat_1,2,MKE,nrdA/nrdB; ribonucleotide reductase (RNR),M00053,,,,,amg_database,,Thompson et al. 2011; Sullivan et al. 2005,TRUE
JAFRFB010000097.1@full__full-cat_1_160,PF03477,JAFRFB010000097.1@full__full-cat_1,2,MKE,nrdA/nrdB; ribonucleotide reductase (RNR),M00053,,,,,amg_database,,Thompson et al. 2011; Sullivan et al. 2005,TRUE
JAGCBE010000040.1@full__full-cat_1_85,PF03477,JAGCBE010000040.1@full__full-cat_1,1,MKE,nrdA/nrdB; ribonucleotide reductase (RNR),M00053,,,,,amg_database,,Thompson et al. 2011; Sullivan et al. 2005,TRUE
JAGCBE010000103.1@full__full-cat_1_5,PF03477,JAGCBE010000103.1@full__full-cat_1,2,MKEF,nrdA/nrdB; ribonucleotide reductase (RNR),M00053,,,,,amg_database,,Thompson et al. 2011; Sullivan et al. 2005,TRUE
JAGCBE010000255.1@full__full-cat_2_23,PF03477,JAGCBE010000255.1@full__full-cat_2,3,MKE,nrdA/nrdB; ribonucleotide reductase (RNR),M00053,,,,,amg_database,,Thompson et al. 2011; Sullivan et al. 2005,TRUE
JAGCLR010000230.1@full__full-cat_1_10,PF03477,JAGCLR010000230.1@full__full-cat_1,2,MKE,nrdA/nrdB; ribonucleotide reductase (RNR),M00053,,,,,amg_database,,Thompson et al. 2011; Sullivan et al. 2005,TRUE
JAGCLR010000374.1@full__full-cat_1_12,PF03477,JAGCLR010000374.1@full__full-cat_1,2,MKE,nrdA/nrdB; ribonucleotide reductase (RNR),M00053,,,,,amg_database,,Thompson et al. 2011; Sullivan et al. 2005,TRUE
JAIPUR010000020.1@full__full-cat_1_33,EC:1.17.4.1,JAIPUR010000020.1@full__full-cat_1,2,MKE,nrdA/nrdB; ribonucleotide reductase (RNR),M00053,,,,,amg_database,,Thompson et al. 2011; Sullivan et al. 2005,TRUE
JAIPUR010000020.1@full__full-cat_1_33,K00525,JAIPUR010000020.1@full__full-cat_1,2,MKE,nrdA/nrdB; ribonucleotide reductase (RNR),M00053,,,,,amg_database,,Thompson et al. 2011; Sullivan et al. 2005,TRUE
JAIPUR010000020.1@full__full-cat_1_33,PF02867,JAIPUR010000020.1@full__full-cat_1,2,MKE,nrdA/nrdB; ribonucleotide reductase (RNR),M00053,,,,,amg_database,,Thompson et al. 2011; Sullivan et al. 2005,TRUE
JAIPUR010000020.1@full__full-cat_1_35,PF02867,JAIPUR010000020.1@full__full-cat_1,2,MKE,nrdA/nrdB; ribonucleotide reductase (RNR),M00053,,,,,amg_database,,Thompson et al. 2011; Sullivan et al. 2005,TRUE
SFKZ01000029.1@full__full-cat_2_4,PF03477,SFKZ01000029.1@full__full-cat_2,3,MKEF,nrdA/nrdB; ribonucleotide reductase (RNR),M00053,,,,,amg_database,,Thompson et al. 2011; Sullivan et al. 2005,TRUE
JAGCBE010000040.1@full__full-cat_1_63,PF01596,JAGCBE010000040.1@full__full-cat_1,1,MK,O-methyltransferase,,,,,,amg_database,,Roux et al. 2016,FALSE
LGFT01000044.1@full__full-cat_1_23,K00611,LGFT01000044.1@full__full-cat_1,2,MKTF,ornithine carbamoyltransferase [EC:2.1.3.3] [RN:R01398],Urea cycle,Organic Nitrogen,Amino Acid,,TRUE,genome_summary_form,,,
JAGCBE010000339.1@full__full-cat_1_121,PF01734,JAGCBE010000339.1@full__full-cat_1,2,MKT,Patatin-like phospholipase,,,,,,amg_database,,Roux et al. 2016,FALSE
PLXT01000007.1@full__full-cat_1_19,PF01734,PLXT01000007.1@full__full-cat_1,1,MK,Patatin-like phospholipase,,,,,,amg_database,,Roux et al. 2016,FALSE
k141_2088038_length_9124_cov_10.0000@full__full-cat_1_6,PF01734,k141_2088038_length_9124_cov_10.0000@full__full-cat_1,2,MKF,Patatin-like phospholipase,,,,,,amg_database,,Roux et al. 2016,FALSE
JAFRFD010000090.1@full__full-cat_2_5,PF02562,JAFRFD010000090.1@full__full-cat_2,3,MKF,phoH; phosphate starvation-inducible protein,,,,,,amg_database,,Zeng et al. 2012; Sullivan et al. 2005,FALSE
JAGCBE010000103.1@full__full-cat_1_74,PF02562,JAGCBE010000103.1@full__full-cat_1,1,MK,phoH; phosphate starvation-inducible protein,,,,,,amg_database,,Zeng et al. 2012; Sullivan et al. 2005,FALSE
JAGCBE010000113.1@full__full-cat_1_65,PF02562,JAGCBE010000113.1@full__full-cat_1,2,MK,phoH; phosphate starvation-inducible protein,,,,,,amg_database,,Zeng et al. 2012; Sullivan et al. 2005,FALSE
JAGCBE010000520.1@full__full-cat_1_47,PF02562,JAGCBE010000520.1@full__full-cat_1,1,MK,phoH; phosphate starvation-inducible protein,,,,,,amg_database,,Zeng et al. 2012; Sullivan et al. 2005,FALSE
JAGCLR010000363.1@full__full-cat_1_180,PF02562,JAGCLR010000363.1@full__full-cat_1,2,MKT,phoH; phosphate starvation-inducible protein,,,,,,amg_database,,Zeng et al. 2012; Sullivan et al. 2005,FALSE
JAGCLR010000373.1@full__full-cat_1_93,PF02562,JAGCLR010000373.1@full__full-cat_1,2,MK,phoH; phosphate starvation-inducible protein,,,,,,amg_database,,Zeng et al. 2012; Sullivan et al. 2005,FALSE
JAHENT010000104.1@full__full-cat_2_14,PF01503,JAHENT010000104.1@full__full-cat_2,3,MKF,Phosphoribosyl-ATP pyrophosphohydrolase,,,,,,amg_database,M,Roux et al. 2016,FALSE
NZ_LWMT01000036.1@full__full-cat_2_3,K01933,NZ_LWMT01000036.1@full__full-cat_2,3,MKF,phosphoribosylformylglycinamidine cyclo-ligase [EC:6.3.3.1] [RN:R04208],"Inosine monophosphate biosynthesis, PRPP + glutamine => IMP",MISC,Information systems,Nucleotide,TRUE,genome_summary_form,,,
k141_498679_length_5596_cov_9.0000@full__full-cat_2_2,K01933,k141_498679_length_5596_cov_9.0000@full__full-cat_2,3,MKF,phosphoribosylformylglycinamidine cyclo-ligase [EC:6.3.3.1] [RN:R04208],"Inosine monophosphate biosynthesis, PRPP + glutamine => IMP",MISC,Information systems,Nucleotide,TRUE,genome_summary_form,,,
k141_826010_length_5402_cov_12.0450@full__full-cat_2_3,K01933,k141_826010_length_5402_cov_12.0450@full__full-cat_2,3,MKF,phosphoribosylformylglycinamidine cyclo-ligase [EC:6.3.3.1] [RN:R04208],"Inosine monophosphate biosynthesis, PRPP + glutamine => IMP",MISC,Information systems,Nucleotide,TRUE,genome_summary_form,,,
NZ_LWMT01000036.1@full__full-cat_2_3,EC:6.3.3.1,NZ_LWMT01000036.1@full__full-cat_2,3,MKF,purM;AICARFT/IMPCHase bienzyme,,,,,,amg_database,,Sullivan et al. 2005,FALSE
NZ_LWMT01000036.1@full__full-cat_2_3,K01933,NZ_LWMT01000036.1@full__full-cat_2,3,MKF,purM;AICARFT/IMPCHase bienzyme,,,,,,amg_database,,Sullivan et al. 2005,FALSE
k141_498679_length_5596_cov_9.0000@full__full-cat_2_2,EC:6.3.3.1,k141_498679_length_5596_cov_9.0000@full__full-cat_2,3,MKF,purM;AICARFT/IMPCHase bienzyme,,,,,,amg_database,,Sullivan et al. 2005,FALSE
k141_498679_length_5596_cov_9.0000@full__full-cat_2_2,K01933,k141_498679_length_5596_cov_9.0000@full__full-cat_2,3,MKF,purM;AICARFT/IMPCHase bienzyme,,,,,,amg_database,,Sullivan et al. 2005,FALSE
k141_826010_length_5402_cov_12.0450@full__full-cat_2_3,EC:6.3.3.1,k141_826010_length_5402_cov_12.0450@full__full-cat_2,3,MKF,purM;AICARFT/IMPCHase bienzyme,,,,,,amg_database,,Sullivan et al. 2005,FALSE
k141_826010_length_5402_cov_12.0450@full__full-cat_2_3,K01933,k141_826010_length_5402_cov_12.0450@full__full-cat_2,3,MKF,purM;AICARFT/IMPCHase bienzyme,,,,,,amg_database,,Sullivan et al. 2005,FALSE
IMGVR_UViG_3300031951_000283.3300031951.Ga0315904_10000894__full-cat_1_11,PF13759,IMGVR_UViG_3300031951_000283.3300031951.Ga0315904_10000894__full-cat_1,1,MK,Putative 2OG-Fe(II) oxygenase,,,,,,amg_database,M,Roux et al. 2016,FALSE
DUKF01000135.1@full__full-cat_1_3,PF00291,DUKF01000135.1@full__full-cat_1,2,MKF,Pyridoxal-phosphate dependent enzyme,,,,,,amg_database,M,Roux et al. 2016,FALSE
MVQY01000005.1@full__full-cat_2_7,PF14489,MVQY01000005.1@full__full-cat_2,3,MKF,QueF-like protein,,,,,,amg_database,,Roux et al. 2016,FALSE
IMGVR_UViG_3300025678_000508.3300025678.Ga0208695_1000493_1__full-cat_1_17,PF06508,IMGVR_UViG_3300025678_000508.3300025678.Ga0208695_1000493_1__full-cat_1,2,MKT,Queuosine biosynthesis protein QueC,,,,,,amg_database,,Roux et al. 2016,FALSE
JAFQXD010000042.1@full__full-cat_1_193,PF06508,JAFQXD010000042.1@full__full-cat_1,2,MK,Queuosine biosynthesis protein QueC,,,,,,amg_database,,Roux et al. 2016,FALSE
JAFRFB010000097.1@full__full-cat_1_188,PF06508,JAFRFB010000097.1@full__full-cat_1,2,MK,Queuosine biosynthesis protein QueC,,,,,,amg_database,,Roux et al. 2016,FALSE
JAGCBE010000113.1@full__full-cat_1_29,PF06508,JAGCBE010000113.1@full__full-cat_1,1,MK,Queuosine biosynthesis protein QueC,,,,,,amg_database,,Roux et al. 2016,FALSE
JAGCBE010000117.1@full__full-cat_2_37,PF06508,JAGCBE010000117.1@full__full-cat_2,3,MK,Queuosine biosynthesis protein QueC,,,,,,amg_database,,Roux et al. 2016,FALSE
JAGCLR010000143.1@full__full-cat_1_26,PF06508,JAGCLR010000143.1@full__full-cat_1,2,MK,Queuosine biosynthesis protein QueC,,,,,,amg_database,,Roux et al. 2016,FALSE
JAGCLR010000363.1@full__full-cat_1_144,PF06508,JAGCLR010000363.1@full__full-cat_1,1,MKT,Queuosine biosynthesis protein QueC,,,,,,amg_database,,Roux et al. 2016,FALSE
JAGCLR010000389.1@full__full-cat_2_16,PF06508,JAGCLR010000389.1@full__full-cat_2,3,MKF,Queuosine biosynthesis protein QueC,,,,,,amg_database,,Roux et al. 2016,FALSE
JAIPUR010000020.1@full__full-cat_1_33,K00525,JAIPUR010000020.1@full__full-cat_1,2,MKE,ribonucleoside-diphosphate reductase [EC:1.17.4.1] [RN:R02024],"Pyrimidine deoxyribonuleotide biosynthesis, CDP/CTP => dCDP/dCTP,dTDP/dTTP",MISC,Information systems,Nucleotide,TRUE,genome_summary_form,,,
CACYVR010000001.1@full__full-cat_1_103,K21636,CACYVR010000001.1@full__full-cat_1,1,MKE,ribonucleoside-triphosphate reductase [EC:1.17.4.2 1.1.98.6] [RN:R02022 R11636],"Pyrimidine deoxyribonuleotide biosynthesis, CDP/CTP => dCDP/dCTP,dTDP/dTTP",MISC,Information systems,Nucleotide,TRUE,genome_summary_form,,,
CACYVR010000001.1@full__full-cat_1_105,K21636,CACYVR010000001.1@full__full-cat_1,1,M,ribonucleoside-triphosphate reductase [EC:1.17.4.2 1.1.98.6] [RN:R02022 R11636],"Pyrimidine deoxyribonuleotide biosynthesis, CDP/CTP => dCDP/dCTP,dTDP/dTTP",MISC,Information systems,Nucleotide,TRUE,genome_summary_form,,,
IMGVR_UViG_3300018412_000002.3300018412.Ga0194136_1000079__full-cat_1_52,K21636,IMGVR_UViG_3300018412_000002.3300018412.Ga0194136_1000079__full-cat_1,2,M,ribonucleoside-triphosphate reductase [EC:1.17.4.2 1.1.98.6] [RN:R02022 R11636],"Pyrimidine deoxyribonuleotide biosynthesis, CDP/CTP => dCDP/dCTP,dTDP/dTTP",MISC,Information systems,Nucleotide,TRUE,genome_summary_form,,,
IMGVR_UViG_3300018412_000002.3300018412.Ga0194136_1000079__full-cat_1_53,K21636,IMGVR_UViG_3300018412_000002.3300018412.Ga0194136_1000079__full-cat_1,2,M,ribonucleoside-triphosphate reductase [EC:1.17.4.2 1.1.98.6] [RN:R02022 R11636],"Pyrimidine deoxyribonuleotide biosynthesis, CDP/CTP => dCDP/dCTP,dTDP/dTTP",MISC,Information systems,Nucleotide,TRUE,genome_summary_form,,,
IMGVR_UViG_3300021255_003095.3300021255.Ga0223825_10105951__full-cat_1_26,K21636,IMGVR_UViG_3300021255_003095.3300021255.Ga0223825_10105951__full-cat_1,2,M,ribonucleoside-triphosphate reductase [EC:1.17.4.2 1.1.98.6] [RN:R02022 R11636],"Pyrimidine deoxyribonuleotide biosynthesis, CDP/CTP => dCDP/dCTP,dTDP/dTTP",MISC,Information systems,Nucleotide,TRUE,genome_summary_form,,,
IMGVR_UViG_3300031951_000283.3300031951.Ga0315904_10000894__full-cat_1_4,K00527,IMGVR_UViG_3300031951_000283.3300031951.Ga0315904_10000894__full-cat_1,1,MKE,ribonucleoside-triphosphate reductase [EC:1.17.4.2 1.1.98.6] [RN:R02022 R11636],"Pyrimidine deoxyribonuleotide biosynthesis, CDP/CTP => dCDP/dCTP,dTDP/dTTP",MISC,Information systems,Nucleotide,TRUE,genome_summary_form,,,
IMGVR_UViG_3300045988_092702.3300045988.Ga0495776_185759__full-cat_1_6,K21636,IMGVR_UViG_3300045988_092702.3300045988.Ga0495776_185759__full-cat_1,1,MKEF,ribonucleoside-triphosphate reductase [EC:1.17.4.2 1.1.98.6] [RN:R02022 R11636],"Pyrimidine deoxyribonuleotide biosynthesis, CDP/CTP => dCDP/dCTP,dTDP/dTTP",MISC,Information systems,Nucleotide,TRUE,genome_summary_form,,,
IMGVR_UViG_3300045988_178991.3300045988.Ga0495776_136811__full-cat_1_33,K21636,IMGVR_UViG_3300045988_178991.3300045988.Ga0495776_136811__full-cat_1,2,M,ribonucleoside-triphosphate reductase [EC:1.17.4.2 1.1.98.6] [RN:R02022 R11636],"Pyrimidine deoxyribonuleotide biosynthesis, CDP/CTP => dCDP/dCTP,dTDP/dTTP",MISC,Information systems,Nucleotide,TRUE,genome_summary_form,,,
JAFQXD010000042.1@full__full-cat_1_165,K21636,JAFQXD010000042.1@full__full-cat_1,2,MKE,ribonucleoside-triphosphate reductase [EC:1.17.4.2 1.1.98.6] [RN:R02022 R11636],"Pyrimidine deoxyribonuleotide biosynthesis, CDP/CTP => dCDP/dCTP,dTDP/dTTP",MISC,Information systems,Nucleotide,TRUE,genome_summary_form,,,
JAFRFB010000076.1@full__full-cat_1_2,K21636,JAFRFB010000076.1@full__full-cat_1,2,MF,ribonucleoside-triphosphate reductase [EC:1.17.4.2 1.1.98.6] [RN:R02022 R11636],"Pyrimidine deoxyribonuleotide biosynthesis, CDP/CTP => dCDP/dCTP,dTDP/dTTP",MISC,Information systems,Nucleotide,TRUE,genome_summary_form,,,
JAFRFB010000097.1@full__full-cat_1_160,K21636,JAFRFB010000097.1@full__full-cat_1,2,MKE,ribonucleoside-triphosphate reductase [EC:1.17.4.2 1.1.98.6] [RN:R02022 R11636],"Pyrimidine deoxyribonuleotide biosynthesis, CDP/CTP => dCDP/dCTP,dTDP/dTTP",MISC,Information systems,Nucleotide,TRUE,genome_summary_form,,,
JAFRFD010000012.1@full__full-cat_1_120,K21636,JAFRFD010000012.1@full__full-cat_1,2,M,ribonucleoside-triphosphate reductase [EC:1.17.4.2 1.1.98.6] [RN:R02022 R11636],"Pyrimidine deoxyribonuleotide biosynthesis, CDP/CTP => dCDP/dCTP,dTDP/dTTP",MISC,Information systems,Nucleotide,TRUE,genome_summary_form,,,
JAFRFD010000123.1@full__full-cat_2_22,K21636,JAFRFD010000123.1@full__full-cat_2,3,MF,ribonucleoside-triphosphate reductase [EC:1.17.4.2 1.1.98.6] [RN:R02022 R11636],"Pyrimidine deoxyribonuleotide biosynthesis, CDP/CTP => dCDP/dCTP,dTDP/dTTP",MISC,Information systems,Nucleotide,TRUE,genome_summary_form,,,
JAFUCN010000069.1@full__full-cat_1_28,K21636,JAFUCN010000069.1@full__full-cat_1,1,M,ribonucleoside-triphosphate reductase [EC:1.17.4.2 1.1.98.6] [RN:R02022 R11636],"Pyrimidine deoxyribonuleotide biosynthesis, CDP/CTP => dCDP/dCTP,dTDP/dTTP",MISC,Information systems,Nucleotide,TRUE,genome_summary_form,,,
JAGCBE010000040.1@full__full-cat_1_85,K21636,JAGCBE010000040.1@full__full-cat_1,1,MKE,ribonucleoside-triphosphate reductase [EC:1.17.4.2 1.1.98.6] [RN:R02022 R11636],"Pyrimidine deoxyribonuleotide biosynthesis, CDP/CTP => dCDP/dCTP,dTDP/dTTP",MISC,Information systems,Nucleotide,TRUE,genome_summary_form,,,
JAGCBE010000103.1@full__full-cat_1_5,K21636,JAGCBE010000103.1@full__full-cat_1,2,MKEF,ribonucleoside-triphosphate reductase [EC:1.17.4.2 1.1.98.6] [RN:R02022 R11636],"Pyrimidine deoxyribonuleotide biosynthesis, CDP/CTP => dCDP/dCTP,dTDP/dTTP",MISC,Information systems,Nucleotide,TRUE,genome_summary_form,,,
JAGCBE010000255.1@full__full-cat_2_23,K21636,JAGCBE010000255.1@full__full-cat_2,3,MKE,ribonucleoside-triphosphate reductase [EC:1.17.4.2 1.1.98.6] [RN:R02022 R11636],"Pyrimidine deoxyribonuleotide biosynthesis, CDP/CTP => dCDP/dCTP,dTDP/dTTP",MISC,Information systems,Nucleotide,TRUE,genome_summary_form,,,
JAGCBE010000292.1@full__full-cat_1_89,K21636,JAGCBE010000292.1@full__full-cat_1,2,MF,ribonucleoside-triphosphate reductase [EC:1.17.4.2 1.1.98.6] [RN:R02022 R11636],"Pyrimidine deoxyribonuleotide biosynthesis, CDP/CTP => dCDP/dCTP,dTDP/dTTP",MISC,Information systems,Nucleotide,TRUE,genome_summary_form,,,
JAGCBE010000347.1@full__full-cat_1_24,K21636,JAGCBE010000347.1@full__full-cat_1,1,M,ribonucleoside-triphosphate reductase [EC:1.17.4.2 1.1.98.6] [RN:R02022 R11636],"Pyrimidine deoxyribonuleotide biosynthesis, CDP/CTP => dCDP/dCTP,dTDP/dTTP",MISC,Information systems,Nucleotide,TRUE,genome_summary_form,,,
JAGCBE010000439.1@full__full-cat_1_37,K21636,JAGCBE010000439.1@full__full-cat_1,2,M,ribonucleoside-triphosphate reductase [EC:1.17.4.2 1.1.98.6] [RN:R02022 R11636],"Pyrimidine deoxyribonuleotide biosynthesis, CDP/CTP => dCDP/dCTP,dTDP/dTTP",MISC,Information systems,Nucleotide,TRUE,genome_summary_form,,,
JAGCBE010000509.1@full__full-cat_1_28,K21636,JAGCBE010000509.1@full__full-cat_1,2,M,ribonucleoside-triphosphate reductase [EC:1.17.4.2 1.1.98.6] [RN:R02022 R11636],"Pyrimidine deoxyribonuleotide biosynthesis, CDP/CTP => dCDP/dCTP,dTDP/dTTP",MISC,Information systems,Nucleotide,TRUE,genome_summary_form,,,
JAGCLR010000230.1@full__full-cat_1_10,K21636,JAGCLR010000230.1@full__full-cat_1,2,MKE,ribonucleoside-triphosphate reductase [EC:1.17.4.2 1.1.98.6] [RN:R02022 R11636],"Pyrimidine deoxyribonuleotide biosynthesis, CDP/CTP => dCDP/dCTP,dTDP/dTTP",MISC,Information systems,Nucleotide,TRUE,genome_summary_form,,,
JAGCLR010000374.1@full__full-cat_1_12,K21636,JAGCLR010000374.1@full__full-cat_1,2,MKE,ribonucleoside-triphosphate reductase [EC:1.17.4.2 1.1.98.6] [RN:R02022 R11636],"Pyrimidine deoxyribonuleotide biosynthesis, CDP/CTP => dCDP/dCTP,dTDP/dTTP",MISC,Information systems,Nucleotide,TRUE,genome_summary_form,,,
SFKZ01000029.1@full__full-cat_2_4,K21636,SFKZ01000029.1@full__full-cat_2,3,MKEF,ribonucleoside-triphosphate reductase [EC:1.17.4.2 1.1.98.6] [RN:R02022 R11636],"Pyrimidine deoxyribonuleotide biosynthesis, CDP/CTP => dCDP/dCTP,dTDP/dTTP",MISC,Information systems,Nucleotide,TRUE,genome_summary_form,,,
k141_1560850@full__full-cat_2_4,K21636,k141_1560850@full__full-cat_2,3,MF,ribonucleoside-triphosphate reductase [EC:1.17.4.2 1.1.98.6] [RN:R02022 R11636],"Pyrimidine deoxyribonuleotide biosynthesis, CDP/CTP => dCDP/dCTP,dTDP/dTTP",MISC,Information systems,Nucleotide,TRUE,genome_summary_form,,,
JAGCLR010000389.1@full__full-cat_2_8,K00948,JAGCLR010000389.1@full__full-cat_2,3,M,ribose-phosphate pyrophosphokinase [EC:2.7.6.1] [RN:R01049],"PRPP biosynthesis, ribose 5P => PRPP",carbon utilization,central carbon,pentose pathway,TRUE,genome_summary_form,,,
PLXT01000115.1@full__full-cat_1_163,K00948,PLXT01000115.1@full__full-cat_1,2,MT,ribose-phosphate pyrophosphokinase [EC:2.7.6.1] [RN:R01049],"PRPP biosynthesis, ribose 5P => PRPP",carbon utilization,central carbon,pentose pathway,TRUE,genome_summary_form,,,
CACXTS010000014.1@full__full-cat_1_9,PF04321,CACXTS010000014.1@full__full-cat_1,2,MK,RmlD substrate binding domain,,,,,,amg_database,,Roux et al. 2016,FALSE
IMGVR_UViG_3300031951_000283.3300031951.Ga0315904_10000894__full-cat_1_28,PF04321,IMGVR_UViG_3300031951_000283.3300031951.Ga0315904_10000894__full-cat_1,1,MK,RmlD substrate binding domain,,,,,,amg_database,,Roux et al. 2016,FALSE
JAFRFD010000012.1@full__full-cat_1_2,PF04321,JAFRFD010000012.1@full__full-cat_1,2,MKF,RmlD substrate binding domain,,,,,,amg_database,,Roux et al. 2016,FALSE
JAFRFD010000012.1@full__full-cat_1_4,PF04321,JAFRFD010000012.1@full__full-cat_1,2,MKF,RmlD substrate binding domain,,,,,,amg_database,,Roux et al. 2016,FALSE
PLXT01000001.1@full__full-cat_1_28,PF04321,PLXT01000001.1@full__full-cat_1,2,MKF,RmlD substrate binding domain,,,,,,amg_database,,Roux et al. 2016,FALSE
PLXT01000052.1@full__full-cat_1_5,PF04321,PLXT01000052.1@full__full-cat_1,2,MKF,RmlD substrate binding domain,,,,,,amg_database,,Roux et al. 2016,FALSE
CADAJR010000048.1@full__full-cat_2_2,PF02915,CADAJR010000048.1@full__full-cat_2,3,MKTF,Rubrerythrin,,,,,,amg_database,,Roux et al. 2016,FALSE
CADAJR010000048.1@full__full-cat_2_4,PF02915,CADAJR010000048.1@full__full-cat_2,3,MKTF,Rubrerythrin,,,,,,amg_database,,Roux et al. 2016,FALSE
JAFRFB010000096.1@full__full-cat_1_25,K00789,JAFRFB010000096.1@full__full-cat_1,2,MF,S-adenosylmethionine synthetase [EC:2.5.1.6] [RN:R00177],"Cysteine biosynthesis, methionine => cysteine",Organic Nitrogen,Amino Acid,,TRUE,genome_summary_form,,,
JAFRFB010000096.1@full__full-cat_1_25,K00789,JAFRFB010000096.1@full__full-cat_1,2,MF,S-adenosylmethionine synthetase [EC:2.5.1.6] [RN:R00177],Methionine degradation,Organic Nitrogen,Amino Acid,,TRUE,genome_summary_form,,,
JAGCBE010000439.1@full__full-cat_1_25,K00789,JAGCBE010000439.1@full__full-cat_1,2,M,S-adenosylmethionine synthetase [EC:2.5.1.6] [RN:R00177],"Cysteine biosynthesis, methionine => cysteine",Organic Nitrogen,Amino Acid,,TRUE,genome_summary_form,,,
JAGCBE010000439.1@full__full-cat_1_25,K00789,JAGCBE010000439.1@full__full-cat_1,2,M,S-adenosylmethionine synthetase [EC:2.5.1.6] [RN:R00177],Methionine degradation,Organic Nitrogen,Amino Acid,,TRUE,genome_summary_form,,,
DUKH01000187.1@full__full-cat_1_37,K00239,DUKH01000187.1@full__full-cat_1,2,MF,sdhA; succinate dehydrogenase flavoprotein subunit [EC:1.3.5.1],"Succinate dehydrogenase, prokaryotes",Energy,Electron transport Chain,,TRUE,genome_summary_form,,,
DUKH01000187.1@full__full-cat_1_36,K00240,DUKH01000187.1@full__full-cat_1,2,M,sdhB; succinate dehydrogenase iron-sulfur subunit [EC:1.3.5.1],"Succinate dehydrogenase, prokaryotes",Energy,Electron transport Chain,,TRUE,genome_summary_form,,,
JAFQXD010000042.1@full__full-cat_1_156,U69,JAFQXD010000042.1@full__full-cat_1,2,M,Self-processing occurs at the Ser846|+|Ala bond.,Self-processing peptidases,Organic Nitrogen,Peptidase,,TRUE,genome_summary_form,,,
JAGCBE010000102.1@full__full-cat_1_89,U69,JAGCBE010000102.1@full__full-cat_1,2,MT,Self-processing occurs at the Ser846|+|Ala bond.,Self-processing peptidases,Organic Nitrogen,Peptidase,,TRUE,genome_summary_form,,,
JAGCLR010000153.1@full__full-cat_1_19,U69,JAGCLR010000153.1@full__full-cat_1,1,M,Self-processing occurs at the Ser846|+|Ala bond.,Self-processing peptidases,Organic Nitrogen,Peptidase,,TRUE,genome_summary_form,,,
JAFRFD010000068.1@full__full-cat_2_70,PF08501,JAFRFD010000068.1@full__full-cat_2,3,MK,Shikimate dehydrogenase substrate binding domain,,,,,,amg_database,,Roux et al. 2016,FALSE
JAGCBE010000251.1@full__full-cat_2_31,PF08501,JAGCBE010000251.1@full__full-cat_2,3,MK,Shikimate dehydrogenase substrate binding domain,,,,,,amg_database,,Roux et al. 2016,FALSE
JAGCLR010000304.1@full__full-cat_2_22,PF08501,JAGCLR010000304.1@full__full-cat_2,3,MK,Shikimate dehydrogenase substrate binding domain,,,,,,amg_database,,Roux et al. 2016,FALSE
JAFRFD010000068.1@full__full-cat_2_20,PF00106,JAFRFD010000068.1@full__full-cat_2,3,MK,short chain dehydrogenase,,,,,,amg_database,M,Roux et al. 2016,FALSE
JAGCBE010000113.1@full__full-cat_1_31,PF00106,JAGCBE010000113.1@full__full-cat_1,1,MK,short chain dehydrogenase,,,,,,amg_database,M,Roux et al. 2016,FALSE
JAGCLR010000363.1@full__full-cat_1_146,PF00106,JAGCLR010000363.1@full__full-cat_1,1,MKT,short chain dehydrogenase,,,,,,amg_database,M,Roux et al. 2016,FALSE
WRNK01000032.1@full__full-cat_1_5,K02991,WRNK01000032.1@full__full-cat_1,2,MF,small subunit ribosomal protein S6e,"Ribosome, eukaryotes",MISC,Information systems,,TRUE,genome_summary_form,,,
WRNK01000032.1@full__full-cat_1_5,K02991,WRNK01000032.1@full__full-cat_1,2,MF,small subunit ribosomal protein S6e,"Ribosome, archaea",MISC,Information systems,,TRUE,genome_summary_form,,,
DUKH01000187.1@full__full-cat_1_36,K00240,DUKH01000187.1@full__full-cat_1,2,M,succinate dehydrogenase / fumarate reductase [EC:1.3.5.1 1.3.5.4] [RN:R02164],"Citrate cycle (TCA cycle, Krebs cycle)",carbon utilization,central carbon,TCA,TRUE,genome_summary_form,,,
DUKH01000187.1@full__full-cat_1_36,K00240,DUKH01000187.1@full__full-cat_1,2,M,succinate dehydrogenase / fumarate reductase [EC:1.3.5.1 1.3.5.4] [RN:R02164],"Citrate cycle, second carbon oxidation, 2-oxoglutarate => oxaloacetate",carbon utilization,central carbon,TCA,TRUE,genome_summary_form,,,
DUKH01000187.1@full__full-cat_1_36,K00240,DUKH01000187.1@full__full-cat_1,2,M,succinate dehydrogenase / fumarate reductase [EC:1.3.5.1 1.3.5.4] [RN:R02164],Reductive citrate cycle (Arnon-Buchanan cycle),Energy,C1,,TRUE,genome_summary_form,,,
DUKH01000187.1@full__full-cat_1_36,K00240,DUKH01000187.1@full__full-cat_1,2,M,succinate dehydrogenase / fumarate reductase [EC:1.3.5.1 1.3.5.4] [RN:R02164],Dicarboxylate-hydroxybutyrate cycle,Energy,C1,,TRUE,genome_summary_form,,,
DUKH01000187.1@full__full-cat_1_37,K00239,DUKH01000187.1@full__full-cat_1,2,MF,succinate dehydrogenase / fumarate reductase [EC:1.3.5.1 1.3.5.4] [RN:R02164],"Citrate cycle (TCA cycle, Krebs cycle)",carbon utilization,central carbon,TCA,TRUE,genome_summary_form,,,
DUKH01000187.1@full__full-cat_1_37,K00239,DUKH01000187.1@full__full-cat_1,2,MF,succinate dehydrogenase / fumarate reductase [EC:1.3.5.1 1.3.5.4] [RN:R02164],"Citrate cycle, second carbon oxidation, 2-oxoglutarate => oxaloacetate",carbon utilization,central carbon,TCA,TRUE,genome_summary_form,,,
DUKH01000187.1@full__full-cat_1_37,K00239,DUKH01000187.1@full__full-cat_1,2,MF,succinate dehydrogenase / fumarate reductase [EC:1.3.5.1 1.3.5.4] [RN:R02164],Reductive citrate cycle (Arnon-Buchanan cycle),Energy,C1,,TRUE,genome_summary_form,,,
DUKH01000187.1@full__full-cat_1_37,K00239,DUKH01000187.1@full__full-cat_1,2,MF,succinate dehydrogenase / fumarate reductase [EC:1.3.5.1 1.3.5.4] [RN:R02164],Dicarboxylate-hydroxybutyrate cycle,Energy,C1,,TRUE,genome_summary_form,,,
JAGCLR010000230.1@full__full-cat_1_155,PF02882,JAGCLR010000230.1@full__full-cat_1,2,MK,"Tetrahydrofolate dehydrogenase/cyclohydrolase, NAD(P)-binding domain",,,,,,amg_database,,Roux et al. 2016,FALSE
NZ_LMVP01000537.1@full__full-cat_1_7,PF00108,NZ_LMVP01000537.1@full__full-cat_1,2,MKF,"Thiolase, N-terminal domain",,,,,,amg_database,M,Roux et al. 2016,FALSE
IMGVR_UViG_3300025678_000508.3300025678.Ga0208695_1000493_1__full-cat_1_13,K00560,IMGVR_UViG_3300025678_000508.3300025678.Ga0208695_1000493_1__full-cat_1,2,MT,thymidylate synthase [EC:2.1.1.45] [RN:R02101],"Pyrimidine deoxyribonuleotide biosynthesis, CDP/CTP => dCDP/dCTP,dTDP/dTTP",MISC,Information systems,Nucleotide,TRUE,genome_summary_form,,,
IMGVR_UViG_3300029822_000863.3300029822.Ga0134854_1000655__full-cat_2_45,K00560,IMGVR_UViG_3300029822_000863.3300029822.Ga0134854_1000655__full-cat_2,3,MT,thymidylate synthase [EC:2.1.1.45] [RN:R02101],"Pyrimidine deoxyribonuleotide biosynthesis, CDP/CTP => dCDP/dCTP,dTDP/dTTP",MISC,Information systems,Nucleotide,TRUE,genome_summary_form,,,
IMGVR_UViG_3300035050_000070.3300035050.Ga0376522_000413__full-cat_1_47,K00560,IMGVR_UViG_3300035050_000070.3300035050.Ga0376522_000413__full-cat_1,1,M,thymidylate synthase [EC:2.1.1.45] [RN:R02101],"Pyrimidine deoxyribonuleotide biosynthesis, CDP/CTP => dCDP/dCTP,dTDP/dTTP",MISC,Information systems,Nucleotide,TRUE,genome_summary_form,,,
JAFQXD010000097.1@full__full-cat_2_7,K00560,JAFQXD010000097.1@full__full-cat_2,3,M,thymidylate synthase [EC:2.1.1.45] [RN:R02101],"Pyrimidine deoxyribonuleotide biosynthesis, CDP/CTP => dCDP/dCTP,dTDP/dTTP",MISC,Information systems,Nucleotide,TRUE,genome_summary_form,,,
JAFRFD010000117.1@full__full-cat_2_43,K00560,JAFRFD010000117.1@full__full-cat_2,3,MF,thymidylate synthase [EC:2.1.1.45] [RN:R02101],"Pyrimidine deoxyribonuleotide biosynthesis, CDP/CTP => dCDP/dCTP,dTDP/dTTP",MISC,Information systems,Nucleotide,TRUE,genome_summary_form,,,
JAGCBE010000339.1@full__full-cat_1_13,K00560,JAGCBE010000339.1@full__full-cat_1,2,MT,thymidylate synthase [EC:2.1.1.45] [RN:R02101],"Pyrimidine deoxyribonuleotide biosynthesis, CDP/CTP => dCDP/dCTP,dTDP/dTTP",MISC,Information systems,Nucleotide,TRUE,genome_summary_form,,,
JAGCBE010000412.1@full__full-cat_1_90,K00560,JAGCBE010000412.1@full__full-cat_1,2,M,thymidylate synthase [EC:2.1.1.45] [RN:R02101],"Pyrimidine deoxyribonuleotide biosynthesis, CDP/CTP => dCDP/dCTP,dTDP/dTTP",MISC,Information systems,Nucleotide,TRUE,genome_summary_form,,,
JAGCBE010000476.1@full__full-cat_1_14,K00560,JAGCBE010000476.1@full__full-cat_1,1,M,thymidylate synthase [EC:2.1.1.45] [RN:R02101],"Pyrimidine deoxyribonuleotide biosynthesis, CDP/CTP => dCDP/dCTP,dTDP/dTTP",MISC,Information systems,Nucleotide,TRUE,genome_summary_form,,,
JAGCBE010000542.1@full__full-cat_1_18,K00560,JAGCBE010000542.1@full__full-cat_1,2,M,thymidylate synthase [EC:2.1.1.45] [RN:R02101],"Pyrimidine deoxyribonuleotide biosynthesis, CDP/CTP => dCDP/dCTP,dTDP/dTTP",MISC,Information systems,Nucleotide,TRUE,genome_summary_form,,,
JAKSUE010000001.1@full__full-cat_1_48,K00560,JAKSUE010000001.1@full__full-cat_1,2,M,thymidylate synthase [EC:2.1.1.45] [RN:R02101],"Pyrimidine deoxyribonuleotide biosynthesis, CDP/CTP => dCDP/dCTP,dTDP/dTTP",MISC,Information systems,Nucleotide,TRUE,genome_summary_form,,,
PLXT01000052.1@full__full-cat_1_52,K00560,PLXT01000052.1@full__full-cat_1,1,M,thymidylate synthase [EC:2.1.1.45] [RN:R02101],"Pyrimidine deoxyribonuleotide biosynthesis, CDP/CTP => dCDP/dCTP,dTDP/dTTP",MISC,Information systems,Nucleotide,TRUE,genome_summary_form,,,
PWMT01000048.1@full__full-cat_2_11,K00560,PWMT01000048.1@full__full-cat_2,3,MT,thymidylate synthase [EC:2.1.1.45] [RN:R02101],"Pyrimidine deoxyribonuleotide biosynthesis, CDP/CTP => dCDP/dCTP,dTDP/dTTP",MISC,Information systems,Nucleotide,TRUE,genome_summary_form,,,
