#Classification,GCF,Position,NC ID,Start,End,Strand,Protein ID,aa Length,Acr/Aca,MGE/Prophage MetaData,Acr_Hit|pident,Sequence,Molecular Weight,Isoelectric Point,Self Target w/in 5000 BP,Self Target Outside 5000 BP
Low Confidence,Undefined_Organism,8,IMGVR_UViG_3300000510_000215.3300000510.Foulum_1000381,4485,4643,+,Protein(4485-4643),53,Acr candidate,-,-,MVKIQENSVTKALLVQIPKAIAEAKGLKKGDEIKFLVDSRGRIVLNIENEVK*,5775.88,10.3195,None,None
Low Confidence,Undefined_Organism,9,IMGVR_UViG_3300000510_000215.3300000510.Foulum_1000381,4643,5068,+,Protein(4643-5068),142,3300017963_____Ga0180437_10001802_15|HTH_24|AcrVA3|43.5|4e-06,PHAGE_Cyanop_S_TIM5_NC_019516-gi|422936286|ref|YP_007006139.1||6.71e-09,-,MGQDSVTCLVCGKEFARINCLHLKRHNMTIDEYKNKYVGAKLVGKRELSIFTKRKMALKELALKSDIKCQYCGADYKDVHHIIPRSMGGTHDFRNLVVLCEECHLKAHNGCFKGWRGVNEHMLRFFQTVNMEVMINETNNA*,16264,8.8865,None,None
Low Confidence,Undefined_Organism,141,IMGVR_UViG_3300005263_000012.3300005263.Ga0071346_1003385,64765,64863,-,Protein(64765-64863),33,Acr candidate,-,-,MIRQNILKEKYIFQIKQCNVYLIEEINCFGGV*,3848.59,7.7905,None,None
Low Confidence,Undefined_Organism,142,IMGVR_UViG_3300005263_000012.3300005263.Ga0071346_1003385,64860,65042,-,Protein(64860-65042),61,Acr candidate,-,-,MNIPLFYRCPAGNQIAIIQDALNDAPDEWTVPEKSISTDCDYCEEELNGGVCVLKWEARV*,6745.6,3.8261,None,None
Low Confidence,Undefined_Organism,143,IMGVR_UViG_3300005263_000012.3300005263.Ga0071346_1003385,65039,65263,-,Protein(65039-65263),75,Acr candidate,-,-,MMNAKDYKNTIEFASEKVHNAWIEGKTCSDCRYFGNLVPVDTLTQTYLEDKCSGSSDDKICEKFIPKGLTEVTP*,8356.44,4.7203,None,None
Low Confidence,Undefined_Organism,144,IMGVR_UViG_3300005263_000012.3300005263.Ga0071346_1003385,65260,65712,-,Protein(65260-65712),151,Acr candidate,-,-,MTINKEEFLKYYNMGYSDVKISEVIGCSRIGACVLRRRLGLPKNDRVINHSKFMEYYNLGYTDTKIAELIGCGYQCVWLHRKKRGLSANHQNNKPIRPTMARKLPIYTIDSILEEYTPSDEDKPWTDPESLFCDGEFLEKIKSKVVEESR*,17490.1,8.3184,None,None
Low Confidence,Undefined_Organism,145,IMGVR_UViG_3300005263_000012.3300005263.Ga0071346_1003385,65897,66100,-,Protein(65897-66100),68,Acr candidate,-,-,MTSVDEIIDRMKCQPIEKQLECGERLHEIYAEQYKYMHKMWTCMIYVLVVLTILLLVAFLWKLGAFK*,8055.75,7.1028,None,None
Low Confidence,Undefined_Organism,146,IMGVR_UViG_3300005263_000012.3300005263.Ga0071346_1003385,66242,66391,-,Protein(66242-66391),50,Acr candidate,-,-,MTKRKYTTEEKERIEEAHVDWNNQCKNFMYGIPFRDKTLKDCIKRHGVK*,6016.93,9.6844,None,None
Low Confidence,Undefined_Organism,147,IMGVR_UViG_3300005263_000012.3300005263.Ga0071346_1003385,66388,66573,-,Protein(66388-66573),62,REF:Clostridia_gi_544703972-0-43716_54|HTH_24|AcrIIA14|42.1|0.0015,-,-,MKHPHDRKGATRVLDYDQIKEMVASGMQNKEIAEAVGSKRNYIGKLKWKWGLVQDRWGAEV*,7055.13,10.2614,None,None
Low Confidence,Undefined_Organism,148,IMGVR_UViG_3300005263_000012.3300005263.Ga0071346_1003385,66570,66713,-,Protein(66570-66713),48,Acr candidate,-,-,MNLYTSTRSCCEACTDNGVDCHGCIVGIHMCDKPEPDCLKEDREAVI*,5176.88,4.3256,None,None
Low Confidence,Undefined_Organism,6,IMGVR_UViG_3300006840_000218.3300006840.Ga0101790_100879,3583,4170,+,Protein(3583-4170),196,WP_089131535.1|HTH_26|AcrIIA1|38.2|0.0072,-,-,MDNGLVTGDGTKVLTVQEYDKFIQFIPEKKQPQKTYRPAFELNVITGLRYIELQRLHDNPSWYHKERNQIILPSDAQKKVKQKLVKRTIDKLPSTFPYLFKAFLEAPRPPHRDVWNKNLKRWSAKAGIEPKVGPKTPRKTIESWMLKAGINEYEIYSRQGHDPVTSLRHYQSLSFTDYEMRDIEKRLTEWGILRK*,23097.65,10.3756,None,None
Low Confidence,Undefined_Organism,7,IMGVR_UViG_3300006840_000218.3300006840.Ga0101790_100879,4178,4330,+,Protein(4178-4330),51,Acr candidate,-,-,MTDNDNYGLETEDYTVYGHDGRMKEPYISEYNKLIEGKITIDEYRESSQR*,5968.44,4.1947,None,None
Low Confidence,Undefined_Organism,8,IMGVR_UViG_3300006840_000218.3300006840.Ga0101790_100879,4333,4716,+,Protein(4333-4716),128,Acr candidate,PHAGE_Erwini_vB_EamM_Machina_NC_042056-gi|100135|ref|YP_009617052.1||2.84e-05,-,MLKETCFPDLKKVHAANPNAIYIIVSRSRPSYSNNLYNRWYMALAPSQSLFRDFKNGLCDEEEYTRRFTEQISKSKIAQERIQTIKELSKEKDVYLICWEKTGFCHRFLLMDMIEGEKKEKQATLGE*,15024.3,8.4663,None,None
Low Confidence,Undefined_Organism,36,IMGVR_UViG_3300021255_003095.3300021255.Ga0223825_10105951,22448,22648,+,Protein(22448-22648),67,Acr candidate,-,-,MGRIELIKEGKMKCGYFSKVENYSHVRYDCSWFGFSANDEDVLCEGCYFDDDYVPHIDKYEVEGDD*,7762.55,4.1227,None,None
Low Confidence,Undefined_Organism,37,IMGVR_UViG_3300021255_003095.3300021255.Ga0223825_10105951,22650,22931,+,Protein(22650-22931),94,Acr candidate,-,-,MVNPFKVALDNNKTYNKRLKDNDDVLYYRKFFEKIFYGIEYIYLGEDNRILCVADAGISIWDRINNTLFFNMFYSSDNEDYDEIKEKYIGEYQ*,11301.68,4.3846,None,None
Low Confidence,Undefined_Organism,38,IMGVR_UViG_3300021255_003095.3300021255.Ga0223825_10105951,22928,23197,+,Protein(22928-23197),90,Acr candidate,-,-,MIKQKGRFFDYYIMKCDKCGHEIKIYSFLIRIRNIWTDKYYKKCNQCGYTICFQTVSHVVKDILDDKMKNDNRYEYAKKEFIRKIGELK*,10953.9,9.6873,None,None
Low Confidence,Undefined_Organism,39,IMGVR_UViG_3300021255_003095.3300021255.Ga0223825_10105951,23194,23340,+,Protein(23194-23340),49,Acr candidate,-,-,MRIFKKFYEYKSVLSYLNEFNDIKLVKIYYDGLLYQCEVLLGDESDEV*,5835.72,4.3494,None,None
Low Confidence,Undefined_Organism,40,IMGVR_UViG_3300021255_003095.3300021255.Ga0223825_10105951,23330,23773,+,Protein(23330-23773),148,REF:2595698961_____2595727943_59|HTH_10-3-AcrIIA7|38.1|0.0073,-,-,MKYDIDRIKSMRLEGKTLKEIGEYYGVKKSTISKFLKRHDITFWKLPKKCNYCGKIFIPKKSNHKYCCREHYKYHRQEKNAHYFKRKNMNDMSLDRTHSNIAYKESLNSLNNLLYYAERVGCDDCGEHEFAIAEGNVYCRNCGLVFE*,17587.25,9.4196,None,None
Low Confidence,Undefined_Organism,19,IMGVR_UViG_3300021400_000962.3300021400.Ga0224422_11460810,17320,17775,-,Protein(17320-17775),152,AcrIIA15-1-3300001355_____JGI20158J14315_10001466_25|HTH_7|40.4|2.5e-12,-,-,MGFERLPLNSKLTKEVCKAICGEVSRGVPYKYACEGAGISPSTLSKWLKLGRETDDPEDPYGIFYREFNKAKAGAVIYRVESIRKAGEGGTWQAHAWWLERMAHEDFGRKSVIDANVNANVKQVDLSKLFDKEKLLEILNEEDTDNIEDEE*,17115.29,4.8158,None,None
Low Confidence,Undefined_Organism,20,IMGVR_UViG_3300021400_000962.3300021400.Ga0224422_11460810,17809,18267,-,Protein(17809-18267),153,3300005515_____Ga0077122_10000641_39|HTH_38|AcrIIA14|50.0|0.00064,PHAGE_Pseudo_PAE1_NC_028980-gi|971762571|ref|YP_009215694.1||9.50e-11,-,MKQKHRTKTKMGLVHKNNKGYYRTSDNQLLHRKIWEEYYGQKIPKGYVIHHRDENIENNSISNLQLMTEEEHLRHHHKGKPIHINTKVGLSKAKTTTGYFRVNKKPCPKCKDGFIYRYQYYDIDGVRKSITSTSLKRLKLKVQGHNLEWRKL*,18188,10.6232,None,None
Low Confidence,Undefined_Organism,13,IMGVR_UViG_3300021540_000004.3300021540.Ga0214517_100030,7556,7759,-,Protein(7556-7759),68,Acr candidate,-,-,MGKNNQKSQIVVKCKKCNRRCRIVYDRHHDEHFSIKCGKVIMQGGFWLVHDYDPEIKWISIKDGLFY*,8041.41,9.6146,None,None
Low Confidence,Undefined_Organism,14,IMGVR_UViG_3300021540_000004.3300021540.Ga0214517_100030,7759,7920,-,Protein(7759-7920),54,Acr candidate,-,-,MGYITKKEKEYLIKIIRETDKDDEDQSFDLGKSLRDYGMRVMSRCITGDVIKE*,6262.19,5.0488,None,None
Low Confidence,Undefined_Organism,15,IMGVR_UViG_3300021540_000004.3300021540.Ga0214517_100030,7921,8124,-,Protein(7921-8124),68,Acr candidate,-,-,MSEKDIDTAIETIDTLVKGLQELKSTIIRLEQTVTTLSKRIIELEEELEDKKDNTKKVTFKDKLDLK*,7763.96,4.6702,None,None
Low Confidence,Undefined_Organism,16,IMGVR_UViG_3300021540_000004.3300021540.Ga0214517_100030,8121,8441,-,Protein(8121-8441),107,Acr candidate,PHAGE_Pseudo_JBD44_NC_030929-gi|100003|ref|YP_009275490.1||0.002,-,MCAKFSNVAGVTIDKGLDLLRDKLSEKEKEVERLKREVKELDEQFNDIALKNIKLRDKNKKASKIIADLKRQDKISDINALEEEIIRLLKENKRLENKISLVKEML*,12377.52,9.8772,None,None
Low Confidence,Undefined_Organism,17,IMGVR_UViG_3300021540_000004.3300021540.Ga0214517_100030,8458,8853,-,Protein(8458-8853),132,Acr candidate,-,-,MFNKYIKTQHVCISVSELFHWWDRLDSDPDNAFELFTEFLEKAEDTLEVNLDSFDDDDFVPLTVKSEDDLFEADYDEFAKRTNAAYKRVKEEDKELLSSDEFLEELNDWTKNNNNTLAYNPYNWNVKKVKK*,15681.21,4.1168,None,None
Low Confidence,Undefined_Organism,18,IMGVR_UViG_3300021540_000004.3300021540.Ga0214517_100030,8871,9209,-,Protein(8871-9209),113,Acr candidate,PHAGE_Sinorh_phiM7_NC_041929-gi|100291|ref|YP_009601408.1||2.19e-13,-,MKQVFIVRQDLKMGKGKIAGQCCHGAIKSYLLTDEAKRDKWDNEYDYTKVICKVKTLPELLTYRDECVKRDIPHFLVKDKGRTQIPEDSITVLAIGPEYNELLDFTSDLKLL*,12951.09,7.6645,None,None
Low Confidence,Undefined_Organism,19,IMGVR_UViG_3300021540_000004.3300021540.Ga0214517_100030,9206,9448,-,Protein(9206-9448),81,Acr candidate,-,-,MTKYTTGELIKVLEKFPKDTPISNDLCMIWDFPDEVRNTLEFKENPINYSQEKATRLGLFEGDWEQENTTIKAEEFKNIV*,9432.65,4.2821,None,None
Low Confidence,Undefined_Organism,20,IMGVR_UViG_3300021540_000004.3300021540.Ga0214517_100030,9445,9933,-,Protein(9445-9933),163,3300005515_____Ga0077122_10000641_39|HTH_38|AcrIIA14|35.1|5.8e-05,PHAGE_Lactob_CL2_NC_028835-gi|971748012|ref|YP_009201798.1||7.38e-12,-,MSSVKLETEYGTAIINNKGYYHIISSEEGNQFKKLHRLIYESIHGPIPQGYVIHHRDNNKLNNNPDNLEMMTVHDHNVLHKSGENHPMYGKKCSEKTLYRMSQARNTTGYFRVYKKKDKNARKGFYYTYQYYIDGKRKSITGDSIKTLKERVLKKGLKWGKL*,19049.78,10.2465,None,None
Low Confidence,Undefined_Organism,19,IMGVR_UViG_3300026549_000111.3300026549.Ga0256404_1001855,21500,21841,-,Protein(21500-21841),114,NZ_MRCT01000097.1_10|HTH_3|AcrIIA14|37.6|2.2e-12,PHAGE_Clostr_CDMH1_NC_024144-gi|640884900|ref|YP_009032185.1||1.60e-09,-,MIIGETLKKLRKQQGYTQKQIAKYLHISQSLYAKYETQTRNPPIKIIKKLSTLYNCNEEYILYQEGTPPLNQQMFHNKKMDLQTIAKMNKICLNLQEMIKLYENQQHLKQVKE*,13518.88,10.0357,None,None
Low Confidence,Undefined_Organism,20,IMGVR_UViG_3300026549_000111.3300026549.Ga0256404_1001855,21863,22321,-,Protein(21863-22321),153,Acr candidate,-,-,MKIEYIDMGDVSSQDNKDYLIVSTINKIIENQNNIGKIIDDKIIYHTSHIDDDITEINNDLNLTKIKINEILENQIMLSQQVEKLTKPIEDSEDTDADARCQCEKAEPQFAPNNDDGIFINDGTFILMKTDQLKHMVNTLTLLIDELINNIQ*,17423.63,4.0467,None,None
Low Confidence,Undefined_Organism,50,IMGVR_UViG_3300029822_000863.3300029822.Ga0134854_1000655,34676,35020,+,Protein(34676-35020),115,Acr candidate,-,-,MPTIGKIEYVSRNTNVVVVNVPVYGRVECVASMSDEIFDIIAVSDKVLYGVVEILPTEAYFLRALNQKDVANAVKANPRMCVCDFCSRVCQRADCVGFKWSGMFDVDEGIRGYC*,12683.72,4.7868,None,None
Low Confidence,Undefined_Organism,51,IMGVR_UViG_3300029822_000863.3300029822.Ga0134854_1000655,35020,35259,+,Protein(35020-35259),80,Acr candidate,-,-,MFFKVAGYAGVMLGLIGSAFVAFDQCLYANCIWLVGNVLLAIDAYRHKNYKSILLFLGYEIVATVGVVRYLNLNGGFPL*,8697.37,8.4643,None,None
Low Confidence,Undefined_Organism,52,IMGVR_UViG_3300029822_000863.3300029822.Ga0134854_1000655,35346,35792,+,Protein(35346-35792),149,3300017963_____Ga0180437_10001802_15|HTH_24|AcrVA3|45.5|2.8e-07,PHAGE_Synech_S_SKS1_NC_020851-gi|472340858|ref|YP_007674378.1||1.08e-06,-,MSYGSVRESKRFLATFQVGTSLSKARRHYHNYIDNRSFGDFLHCGSRGKVTVKPLDRMMRWRVIYIFGGACAICGDPERLEVHHIVPRSRCGTNDISNLVPLCHDCHCAIHEMSMMRGSVSVRGNVPYAERFCGVLSQDVAYCNGLVA*,16657.2,8.7576,None,None
Low Confidence,Undefined_Organism,16,IMGVR_UViG_3300031760_006869.3300031760.Ga0326513_10000321,15914,16099,+,Protein(15914-16099),62,Acr candidate,-,-,MRKQYKGVKEDGTLLAGSLLLDTTNKKERERILKDYKHLSGAEKLILVYDGERECYEEVII*,7101.21,6.9773,None,None
Low Confidence,Undefined_Organism,17,IMGVR_UViG_3300031760_006869.3300031760.Ga0326513_10000321,16096,16338,+,Protein(16096-16338),81,Acr candidate,-,-,MISSTLIFNSDIFIDWLVYNDEKHTEYLVTIDLEERTVKCDCPDFKFRKQNQEYGCAKLTDIEHHCKHIRKALGGSLDAI*,9364.67,5.5343,None,None
Low Confidence,Undefined_Organism,18,IMGVR_UViG_3300031760_006869.3300031760.Ga0326513_10000321,16328,16873,+,Protein(16328-16873),182,Acr candidate,-,-,MQFKKGAQVTARLHESTKHKLMKTGYNAAEAIEWFVNEYYSKNPRRRLEIKQDLEEIELNKLKKIECEVQLEIEHKEKLIDDLIQEKGKYPEVKESPIEIMSIAPDQNSVLSDDIKEAISRIKPVYDDKKELIVGKNTTPGEALDVFISLNGEFVRNVYSEFGKGLKWREFKELLLSEVVS*,21029.14,5.4716,None,None
Low Confidence,Undefined_Organism,19,IMGVR_UViG_3300031760_006869.3300031760.Ga0326513_10000321,17098,17370,+,Protein(17098-17370),91,Acr candidate,-,-,MGIFNMIGNISNRKNQFKLFTMLMKMGLNNPNEVTSVCATVITSIATMYELPEEDFRKILDGMLEKYDEVKNDPEIQEEINKKIRRVPYD*,10507.2,4.8278,None,None
Low Confidence,Undefined_Organism,20,IMGVR_UViG_3300031760_006869.3300031760.Ga0326513_10000321,17363,17773,+,Protein(17363-17773),137,AcrIIA1-3-WP_094517624.1|HTH_psq|33.3|0.0047,PHAGE_Lactob_CL2_NC_028835-gi|971748012|ref|YP_009201798.1||1.50e-11,-,MISTKFGNAYKRKDGYFQISSGTYQGKLLHRLIYEENFGPIPEGFHIHHLDNDKNNNALENLVLISKSNHHKLHFNMINNPNWGNGRIDKAGGVTFLSAEKNKGMTMQAIADELGYSNVSSIFHYIDRRGLRWNEL*,15592.58,9.5925,None,None
Low Confidence,Undefined_Organism,21,IMGVR_UViG_3300031760_006869.3300031760.Ga0326513_10000321,17770,17928,+,Protein(17770-17928),53,Acr candidate,-,-,MKTNCFNVMIQIKCIPGDNHEAVCEELADVLMALDILPYDYEVRFKRIGEYI*,6066.11,4.3479,None,None
Low Confidence,Undefined_Organism,22,IMGVR_UViG_3300031760_006869.3300031760.Ga0326513_10000321,17925,18035,+,Protein(17925-18035),37,Acr candidate,-,-,MSFCEDCKHKTDDYCGLFDDVLFFENCIFRRGNDEK*,4341.84,4.3058,None,None
Low Confidence,Undefined_Organism,23,IMGVR_UViG_3300031760_006869.3300031760.Ga0326513_10000321,18022,18225,+,Protein(18022-18225),68,Acr candidate,-,-,MMKNNTIIICGLTEWEKEMMKDKGKCRACMYNDSYFDRKEHVQFCGKTHQRLKAEKTDCPDWLLDTR*,8064.37,8.0259,None,None
Low Confidence,Undefined_Organism,24,IMGVR_UViG_3300031760_006869.3300031760.Ga0326513_10000321,18232,18594,+,Protein(18232-18594),121,Acr candidate,-,-,MNVRSLRKFIHEASKRQHEVIFNCKNNNSFTFLPFRIPPLDFKSEFDGLLINCDDEDFMGAGEFLVHVHHLEINGDDNVIRLTKLDDVTDDPISMREFSLNDIKSLCSFKSDFVEETEDV*,13954.68,4.4729,None,None
Low Confidence,Undefined_Organism,25,IMGVR_UViG_3300031760_006869.3300031760.Ga0326513_10000321,18713,18889,+,Protein(18713-18889),59,Acr candidate,-,-,MADNSICKYCKNYKTKKLNGRVVSQYCSATDVSSYDYVECDWFGKKLIVRIKELLGLL*,6702.84,8.8227,None,None
Low Confidence,Undefined_Organism,26,IMGVR_UViG_3300031760_006869.3300031760.Ga0326513_10000321,18889,19290,+,Protein(18889-19290),134,Acr candidate,PHAGE_Mycoba_Omega_NC_004688-gi|29566854|ref|NP_818419.1||0.001,-,MDDKKIYYGERLEKPIILENKEYEGYEYYIITLGSHPCCYVLLPKGHNYHGEHYDDIPIKCHFGLTYSEPTLLRDNIITGGQWVIGWDYAHIGDYSIFHLPLMESTKDGHKWTLDELRCEVYEVIDQLVNGDE*,15646.63,4.5939,None,None
Low Confidence,Undefined_Organism,27,IMGVR_UViG_3300031760_006869.3300031760.Ga0326513_10000321,19287,19772,+,Protein(19287-19772),162,Acr candidate,-,-,MMSLYVRDLKKILEGLDDDTVVEIDTVDGIKPVHEVQFQDIGYFCGINSNYEPIESTYPALVLVLGHQVFQEGTISDRELFDFCYEERDPLIKEISFWIKKGLTDDGKRKISRKTADKWNGILWDMLWHLPVTNHKKVGNYSVDSNGCLHFHGKQPKTNGG*,18491.03,5.5721,None,None
Low Confidence,Undefined_Organism,28,IMGVR_UViG_3300031760_006869.3300031760.Ga0326513_10000321,19775,20140,+,Protein(19775-20140),122,Acr candidate,-,-,MSEKRVCDSCIHRSYPTGQRYEYFENKDIYIRDNLTGERFYMSDLDMLCNLLNNYDKDWQRKRVERALEIQKECFKIKDIPIEKKTCGYCKHFHLDGMFGLWCEKDHDWTLVNENCSDFER*,14798.78,6.0907,None,None
Low Confidence,Undefined_Organism,29,IMGVR_UViG_3300031760_006869.3300031760.Ga0326513_10000321,20112,20570,+,Protein(20112-20570),153,Acr candidate,-,-,MKIVQTLKGERMSEKRFIRNIEGNIYDMKNHKFIKEDWKGKHLDYDDDLVVLLNELAEENEKLKKKLYIVETDCKNVKESRNHYRKENELLKQDNQRQKTLRNKHWREIQARANAYNRIISSLEDIIPQPMIEELRNAPLLDRDYEGVESNE*,18370.87,7.3568,None,None
Low Confidence,Undefined_Organism,30,IMGVR_UViG_3300031760_006869.3300031760.Ga0326513_10000321,20563,20751,+,Protein(20563-20751),63,Acr candidate,-,-,MSEEKIHTKVSCQQCKNFLDYGYAFEGVEVTDCDLGRYKEHTYAEQHGYITECEYWEAKECH*,7375.12,4.5892,None,None
Low Confidence,Undefined_Organism,31,IMGVR_UViG_3300031760_006869.3300031760.Ga0326513_10000321,20742,21077,+,Protein(20742-21077),112,Acr candidate,PHAGE_Pseudo_phiPMW_NC_041880-gi|100152|ref|YP_009595371.1||0.001,-,MPLKPIICIDFDGVLNNYNGYDGDNLGTPKDGAKEFLEKLSKRFTVIILTVRRYSLVIKWLVDYNLWDYVQDVTSIKPAAVCYVDDRGINFNGDYDKALKDINNFKTYWEK*,12909.77,5.131,None,None
Low Confidence,Undefined_Organism,32,IMGVR_UViG_3300031760_006869.3300031760.Ga0326513_10000321,21081,21248,+,Protein(21081-21248),56,Acr candidate,-,-,MRISKLCYQIVGIIIAQLVYIYLASRIGWAWDTEMGGFTIFLVGFITAKIIGDFL*,6230.52,7.9705,None,None
Low Confidence,Undefined_Organism,33,IMGVR_UViG_3300031760_006869.3300031760.Ga0326513_10000321,21245,21412,+,Protein(21245-21412),56,Acr candidate,-,-,MKQKLEYYFIKLFFKVIKDYTIFFLVEDGAYYVNDIMIDTKTKDIVMKYVERREE*,6873.1,6.2708,None,None
Low Confidence,Undefined_Organism,34,IMGVR_UViG_3300031760_006869.3300031760.Ga0326513_10000321,21416,21781,+,Protein(21416-21781),122,Acr candidate,-,-,MNDLGFNEEYINPIKEGIKTSTIRRHFNAKIEDKIQAYNADKVIFENLRCKPFGNLKITSIEYIRFDEINKEIARTEGYLHEDLLKETLYEIYDEIKPSTLLYYIQFEFISLEDEDNEPTE*,14451.25,4.3286,None,None
Low Confidence,Undefined_Organism,35,IMGVR_UViG_3300031760_006869.3300031760.Ga0326513_10000321,21765,21902,+,Protein(21765-21902),46,Acr candidate,-,-,MNQLNEKLRIIRIQIQAEEMQPKPDIEKLKSLRSVERSCLKQLMK*,5408.49,10.4899,None,None
Low Confidence,Undefined_Organism,36,IMGVR_UViG_3300031760_006869.3300031760.Ga0326513_10000321,21878,22093,+,Protein(21878-22093),72,Acr candidate,PHAGE_Arthro_Laroye_NC_041947-gi|100036|ref|YP_009603026.1||0.002,-,MLEAAYEIIISMISMFLAGTMLGWFLKDYQYTRNKIKEAEKQYVTWNVPDHANCRCSIQYPEDGVDDDEQM*,8359.51,4.1789,None,None
Low Confidence,Undefined_Organism,37,IMGVR_UViG_3300031760_006869.3300031760.Ga0326513_10000321,22080,22385,+,Protein(22080-22385),102,Acr candidate,-,-,MSKCKWCGKEYKKKYNNQACCSKECQDKLTAENSAKSSMRHYYKHKIGNTSKKAVTSLGSKGTSSSTKPKDTPEDEHEWAVNEAKRIGFNIKKFNGPLAAK*,11350.92,10.1843,None,None
Low Confidence,Undefined_Organism,11,IMGVR_UViG_3300031853_000022.3300031853.Ga0326514_10000034,4613,4927,-,Protein(4613-4927),105,3300005611_____Ga0074647_1000046_77|HTH_Crp_2|AcrIIA7|35.2|4.4e-11,PHAGE_Pseudo_PaBG_NC_022096-gi|530787890|ref|YP_008433507.1||1.01e-17,-,MKFETALLRLKNGKKLTRKGWNGKNMYIQLQRPDPDSKMTHSYIYMKTVDDDLVPWTASQTDILSDDWQIYHHGTTDNVDEDVKITVLTIDDLKEIIRLLEEEE*,12254.89,4.7335,None,None
Low Confidence,Undefined_Organism,12,IMGVR_UViG_3300031853_000022.3300031853.Ga0326514_10000034,4949,5293,-,Protein(4949-5293),115,Acr candidate,-,-,MTQEILGELTITEEHHTKKIPITSKTIHKIITQLMTHQPGDEFEHNKNRLILLDLLGYLTKKTILPCMNQIHIPYYDIQEDWDITPSEARKYYYRITGSIHDLDVAKITYHNKQ*,13487.52,6.9159,None,None
Low Confidence,Undefined_Organism,13,IMGVR_UViG_3300031853_000022.3300031853.Ga0326514_10000034,5541,5969,-,Protein(5541-5969),143,Acr candidate,-,-,MQIMEQVKYTLIQKHNKAIIKITDTQNNTIIRGDKTIKTQHPHNKTRKNTTTGRATITEISTTTKNKHTTITHLTIEEYTPHKHKTITIRPDRLIIQTTHECRPRYEHYGCLTFRKGNGFWVEKVVYVFVDGVTREVVQELC*,16643.16,10.2499,None,None
Low Confidence,Undefined_Organism,14,IMGVR_UViG_3300031853_000022.3300031853.Ga0326514_10000034,5948,6448,-,Protein(5948-6448),167,Acr candidate,-,-,MNNETNIWNDPTIKTHYNKRTRKKQITLHTFPKHKDGPFTQVLIISPDGFVEEYTGVQEIELNELEDGSVEFHIASHLPSNVNYRYIYEGELVWNIHPSKILISINEGHELPRVWYNVREYERIFLQEKTLPENTNITPQYQPHKFKRTGFYKKGDHRQECKSWNK*,19869.36,7.5838,None,None
Low Confidence,Undefined_Organism,15,IMGVR_UViG_3300031853_000022.3300031853.Ga0326514_10000034,6438,6740,-,Protein(6438-6740),101,WP_129951893.1|HTH_19|AcrIIA1|33.3|0.0038,PHAGE_Clostr_phiCD211_NC_029048-gi|981220892|ref|YP_009221643.1||5.45e-05,-,MNNTQTVKILPWNIIGERLRLVRQDAGWTIEEVAQYMEITPQQLTMIERGEKKLKLTPLLKLCTLYNIDEWDLLTQTEFNTTYTGAGKREKKGETITNEQ*,11686.44,5.1867,None,None
Low Confidence,Undefined_Organism,16,IMGVR_UViG_3300031853_000022.3300031853.Ga0326514_10000034,6745,6942,-,Protein(6745-6942),66,Acr candidate,-,-,MKILLLTCTIIISLSYIPLVIALYISQVLGLIQANNLINILITATIILLLSAITNLITNTLTGDV*,6993.61,5.7676,None,None
Low Confidence,Undefined_Organism,17,IMGVR_UViG_3300031853_000022.3300031853.Ga0326514_10000034,6988,7287,-,Protein(6988-7287),100,Acr candidate,PHAGE_Sulfol_2_NC_004086-gi|22122310|ref|NP_666571.1||4.39e-04,-,MKYIVNGFSPKMLGRRVGGHLIKIQDITRREFEANKKDCVSAIGHHTLAEELGIPRNRFNIRIEKGDTVYIVQGADGRGHAMDTPKQDQLRFQKATIIY*,11280.03,10.3382,None,None
Low Confidence,Undefined_Organism,18,IMGVR_UViG_3300031853_000022.3300031853.Ga0326514_10000034,7323,7526,-,Protein(7323-7526),68,Acr candidate,-,-,MVEDKVDAETLDEETRQKLGKLISDEIRYNQQRCEILEKSNKILMATLLLITLFNLLLVLFRAIYNI*,7884.29,4.7063,None,None
Low Confidence,Undefined_Organism,18,IMGVR_UViG_3300032007_000060.3300032007.Ga0310695_10000711,7117,7371,-,Protein(7117-7371),85,Acr candidate,-,-,MDYNLLSQLLFKAKKENNTVELIPKSSRPSYFIGPDKNVDLNKEDIVLDDMIISLDSIGAAQIIDNDVDHVITSIEELEKWPLK*,9558.92,4.2214,None,None
Low Confidence,Undefined_Organism,19,IMGVR_UViG_3300032007_000060.3300032007.Ga0310695_10000711,7371,7721,-,Protein(7371-7721),117,Acr candidate,-,-,MANADYWKNRIKEHQKQRTETISMQIDIQDAMINYIKSVAESEDFSLTYQEFGEVTLYCNGDLLDLEQIGGFCDVFGLELLITNRNIAEDYMANSTTIKTGYLFTTTVNKEKGGIR*,13292.96,4.3324,None,None
Low Confidence,Undefined_Organism,20,IMGVR_UViG_3300032007_000060.3300032007.Ga0310695_10000711,7726,8187,-,Protein(7726-8187),154,AcrIIA7-0-3300012983_____Ga0123349_10006117_9|HTH_26|39.4|2.7e-13,PHAGE_Entero_vB_IME197_NC_028671-gi|966199033|ref|YP_009188861.1||2.93e-20,-,MNNIFTIFLYIFSFLLQYNKIIRIYYFMNSANENLCAIRNRKALLTKERDESVAYINECYRKDMEILEKEEREWLEQFNDVPINDIYNEDSKSKKYRKKPIIVEAYQTDKELEIETLEGVMKASPGDYIITGVHGEKYPCKPDIFKETYEKVE*,18370.02,4.8315,None,None
Low Confidence,Undefined_Organism,16,IMGVR_UViG_3300036940_000249.3300036940.Ga0377182_000677,11617,11886,-,Protein(11617-11886),90,3300005611_____Ga0074647_1000046_77|HTH_Crp_2|AcrIIA7|30.1|1.2e-08,PHAGE_Lister_P100_NC_007610-gi|100182|ref|YP_406545.1||3.15e-21,-,MDFEEALKELKSGKKITNKNWNGKDMYLFMQPGYLNGVPANEVTAKGMGIPVGKEVKVDPYIMMVNADGFLVPWTPSQMDLFSLEWEVV*,10058.71,4.5203,None,None
Low Confidence,Undefined_Organism,17,IMGVR_UViG_3300036940_000249.3300036940.Ga0377182_000677,11926,12519,-,Protein(11926-12519),198,Acr candidate,PHAGE_Lactob_Lj771_NC_010179-gi|163932195|ref|YP_001642385.1||0.006,-,MAGTIKKNLTRAKRAITGAKAPTPAEAIKRCSIDIRKLESREKIERRDYKRLMAEYESLEGRGMTREADALLDKIVSKEGLIKSLSQQIVARNNYVNKLEKCESLAEFAKMNDEFLGLVKGLEMQGVSPEEIESNAIEMQSAMDKLSDITETVESSMEAAYVDEVSNNQRKEAIRAETRAKIRAEKGAIPKDISQDL*,22069.26,6.5241,None,None
Low Confidence,Undefined_Organism,18,IMGVR_UViG_3300036940_000249.3300036940.Ga0377182_000677,12534,13100,-,Protein(12534-13100),189,Acr candidate,-,-,MAIETIIMENLESLSWFAVATIGAVTLAMRKYVPVMWKIVKDGDIDAADMSLVLAQFNTGKLAKIAKKLENLDAQDIEGFYNMGTMTDEELKSFMNAMFELAGVSRDERDTVIKLVADGKTKDMDYIFEEVDVEAVKALVVAFKQLNMTQFMTNKDATPEMKEKLYQAVKAAMSKNTSDLNALQKVLV*,21011.49,4.5088,None,None
Low Confidence,Undefined_Organism,19,IMGVR_UViG_3300036940_000249.3300036940.Ga0377182_000677,13301,13552,-,Protein(13301-13552),84,Acr candidate,-,-,MISLYLAIVGELFYHYGTFFLKRWKDPTIPYEWDYFFIMVIAMMITYAAFLHGLLGNIVHDIAIVFASNKAGRVILTGLRIIL*,9618.56,8.4325,None,None
Low Confidence,Undefined_Organism,37,IMGVR_UViG_3300038318_000432.3300038318.Ga0134855_000749,18707,18931,+,Protein(18707-18931),75,Acr candidate,-,-,MMKIDRTKNNVPNCGACIECYHKKTLPLIDYFFIKPSENNLNKCYCVLTNTEIPVSCLQGQEHFLSNCPLPNTE*,8481.85,7.0173,None,None
Low Confidence,Undefined_Organism,38,IMGVR_UViG_3300038318_000432.3300038318.Ga0134855_000749,18953,19495,+,Protein(18953-19495),181,WP_087213979.1|HTH_Tnp_Mu_2-3-AcrIIA7|35.9|2.2e-14,PHAGE_Entero_phiEf11_NC_013696-gi|282598764|ref|YP_003358852.1||2.24e-26,-,MEIEDIKLTDIIPSDYNPRKISDADAKKLSKSLKEFGLVDPIIINLKNYHIIGGHQRFNTLLDNYFDTNKDDTYQLLKLGDIGYVFKDTKLTVKDSNHEKALNLALNKISGEWDIPKLEPLLEDLSLTGLDLDLTGFDETDLEELNLTEPVFEPVDVEDEPRLDMKKKVVCPECGHEFEP*,20563.31,4.2499,None,None
Low Confidence,Undefined_Organism,2,IMGVR_UViG_3300042280_000275.3300042280.Ga0451664_000237,633,1007,-,Protein(633-1007),125,AcrIIA14-0-WP_057707492.1|HTH_5|43.4|4.8e-20,-,-,MAKKIQPIERCDCDVIHEEIVNKVREKMPQEETLYDLAELFKVFGDSTRIKILWALDESEMCVCDIAFLLNMTQSAISHQLRVLKQAELVKSRREGKIVFYSLEDEHVKQIFDQGLIHISEESK*,14481.78,5.036,None,None
Low Confidence,Undefined_Organism,3,IMGVR_UViG_3300042280_000275.3300042280.Ga0451664_000237,1207,1353,-,Protein(1207-1353),49,Acr candidate,-,-,MTDFLNEQSYELEEYDEQLVRRLIEKVTVFDNKLTVEFKSGVEIDVLI*,5739.49,3.933,None,None
Low Confidence,Undefined_Organism,39,IMGVR_UViG_3300042280_000275.3300042280.Ga0451664_000237,30771,30953,-,Protein(30771-30953),61,Acr candidate,-,-,MHKTNSIFLRELRKYKDHLTKQQFKTLRGQVINGDCKGAKKGLKKILNRRTQNEHTKNIC*,7109.36,11.195,None,None
Low Confidence,Undefined_Organism,40,IMGVR_UViG_3300042280_000275.3300042280.Ga0451664_000237,30953,31504,-,Protein(30953-31504),184,Acr candidate,-,-,MAKDGTNRGGARIGAGQKKKPLADKILEGNPGRRKLMVMEFTDAAELEGESMPPPRDYLAAKQKNGKTTLAVEIYEKTWQWLKERRCVHLIPAQLIEQYAQSVARWIQCEECITEFGFLAKHPTTGNAIPSPYVAMSQSFMKQANNLWYQIYQVVRENCATEYKGATPHDDVMEKLLTARRGG*,20662.74,9.0719,None,None
Low Confidence,Undefined_Organism,41,IMGVR_UViG_3300042280_000275.3300042280.Ga0451664_000237,31625,31984,-,Protein(31625-31984),120,3300017963_____Ga0180437_10001802_15|HTH_24|AcrVA3|42.6|5.3e-06,PHAGE_Burkho_phiE125_NC_003309-gi|17975232|ref|NP_536427.1||5.25e-22,-,MPRKPKRPCSFPGCPELTDGRYCDMHQRQMDAYYNKYERDPQTRKRYGRRWKRIRDRYISEHPLCEECQKYGRLTPAEEVHHIIPLSKGGTNADNNLMSLCKQCHSSLTAREGERWARR*,14243.21,9.6662,None,None
Low Confidence,Undefined_Organism,42,IMGVR_UViG_3300042280_000275.3300042280.Ga0451664_000237,32106,32348,-,Protein(32106-32348),81,Acr candidate,-,-,MYDNCFGGNGRNGCNILTVHKCLQDKCSFYKSTQELEEDRKKAYLLLAALSPDMQRYISDKYYNGRMPWANSKCVVQYSR*,9329.64,8.6099,None,None
Low Confidence,Undefined_Organism,43,IMGVR_UViG_3300042280_000275.3300042280.Ga0451664_000237,32475,32930,-,Protein(32475-32930),152,Acr candidate,PHAGE_Bacill_BigBertha_NC_022769-gi|568191441|ref|YP_008771228.1||0.004,-,MLIAWQYLDKKAAAVEALKDYSSMQYIIEHSDEDIYEIETRMTSPHSAKITGVPGKHNPKSGEERLAACLDEIDVLKERYRRALEYMEWFKPAWDALPEEEQFILTEFFVNDVSKTEAVANIGEKLFLERAQVYRRKDKALNHLALLLYGK*,17585.09,5.1087,None,None
Low Confidence,Undefined_Organism,44,IMGVR_UViG_3300042280_000275.3300042280.Ga0451664_000237,33036,33323,-,Protein(33036-33323),96,Acr candidate,PHAGE_Thermo_THSA_485A_NC_018264-gi|397912645|ref|YP_006546309.1||4.96e-36,-,MSEKSIVTKVLRYLKTVPGCFCWKEHGGMYGTAGIPDIIACVNGRFIAFEVKTPSGKTTKLQEATIRKILNAGGVAAVVHSVDEVKAILEKHGLL*,10242.11,9.6565,None,None
Low Confidence,Undefined_Organism,66,IMGVR_UViG_3300045988_178991.3300045988.Ga0495776_136811,33430,34017,+,Protein(33430-34017),196,WP_087213979.1|HTH_Tnp_Mu_2-3-AcrIIA7|38.0|5.6e-18,PHAGE_Entero_phiEf11_NC_013696-gi|282598764|ref|YP_003358852.1||5.95e-30,-,MKIKKINITDINEADYNPRTISDDEMIKLENSITEFGFVDPMIINLKNNKLIGGHQRYNALLSLNMKKGNFAEELNLVELGDIGWVFPDMDLKIESEQHEKALNIALNKISGTWDNEKLFTLLEELEYDDMGIELTGFTDEEMEMLEKGVYNSDYEEDYFDNLEDIYEKPDDWKPKEYECPVCGGILTNDDLLED*,22638.36,3.8914,None,None
Low Confidence,Undefined_Organism,67,IMGVR_UViG_3300045988_178991.3300045988.Ga0495776_136811,34019,34543,+,Protein(34019-34543),175,WP_087213979.1|HTH_Tnp_Mu_2-3-AcrIIA7|38.7|2.5e-18,PHAGE_Entero_phiEf11_NC_013696-gi|282598764|ref|YP_003358852.1||6.98e-27,-,MEKIKISDLKPAPYNPRKISDDELLKLENSIKEFGFVSPIIVNLKNNHVIGGHQRLKVVSEMTDELNIIRLGDVGLAFTNDDIEIKDEQHEKALNVALNKIKGKWDIDKLLSLMEELELSEVESDLTGFEQGELVELQLYNDIEYRNPEDDNHQSKEHEPKKFLCPHCNQEVEI*,20061.71,4.4645,None,None
Low Confidence,Undefined_Organism,33,IMGVR_UViG_3300045988_179044.3300045988.Ga0495776_047128,14955,15221,+,Protein(14955-15221),89,Acr candidate,PHAGE_Gordon_GAL1_NC_031936-gi|100080|ref|YP_009324472.1||0.001,-,MKTIKCKWCGKPFTKTHNRQIYCTPRCSYYAGLEKTNNRVRKYRLQKRKQFGYESVKNLGSGHLGPHPDTNMVKEAVLVRKEKNRYKL*,10450.24,10.7867,None,None
Low Confidence,Undefined_Organism,34,IMGVR_UViG_3300045988_179044.3300045988.Ga0495776_047128,15281,15379,+,Protein(15281-15379),33,Acr candidate,-,-,MITYQYLVQVVTVLAGYYMTSIMTKYSVRNVV*,3735.47,9.4781,None,None
Low Confidence,Undefined_Organism,35,IMGVR_UViG_3300045988_179044.3300045988.Ga0495776_047128,15479,15691,+,Protein(15479-15691),71,Acr candidate,-,-,MNNELLGNITTIIKFIVMTIAPYLALTADMQNQLIALTVAIIGFILAYFDAKHPNTIIDTTKNCDTDDTT*,7717.99,4.1133,None,None
Low Confidence,Undefined_Organism,36,IMGVR_UViG_3300045988_179044.3300045988.Ga0495776_047128,15678,15935,+,Protein(15678-15935),86,Acr candidate,-,-,MTPHNNFCYNENRITTLETKANHRQHEISEFKNRIDKLDSNLDKLCVNVAEVTSVLSTLKWVIGISIALFGGIFGFLIIGLIKLL*,9631.24,7.8902,None,None
Low Confidence,Undefined_Organism,37,IMGVR_UViG_3300045988_179044.3300045988.Ga0495776_047128,15979,16542,+,Protein(15979-16542),188,WP_087213979.1|HTH_Tnp_Mu_2-3-AcrIIA7|35.9|4.1e-21,PHAGE_Entero_phiEf11_NC_013696-gi|282598764|ref|YP_003358852.1||8.58e-30,-,MEIEHIKITDLKPAEYNPRRISEEDYQKLKNSISTFGLVDPIIVNLKNMHIVGGHQRYDVLLDEHMLDNDFVAELPMVRLGDVGFVFTDTSLSIEDDAHEKALNLALNKISGDWDNDKLSMVLEDLEDSDLDLELTGFEEYELMELKFNNDIEYDDNISESDLSENTSSKEVKRIICPYCGKEFDEN*,21539.98,3.9889,None,None
Low Confidence,Undefined_Organism,39,IMGVR_UViG_3300045988_179044.3300045988.Ga0495776_047128,17471,17986,+,Protein(17471-17986),172,Acr candidate,PHAGE_Pantoe_vB_PagS_Vid5_NC_042120-gi|100041|ref|YP_009624355.1||2.24e-07,-,MLPCAVIIFPVVYIVNDVLAEIYGYKKARKVIFLGFLLNLLAIICYQISIMLPAPVYFTGSEAFATVLGNTSRVLLASFTAYIIGSLVNAYLMTYLKRKAEQYLFMRCIVSTLFGEGLDAILFISIAFYGTMPLIVLLTMIVAQALFKTVYEIIIYPVTRHVITYVRSLSE*,19209.23,8.9145,None,None
Low Confidence,Undefined_Organism,40,IMGVR_UViG_3300045988_179044.3300045988.Ga0495776_047128,18083,18475,+,Protein(18083-18475),131,AcrIIA15-1-3300001355_____JGI20158J14315_10001466_25|HTH_7|35.1|2.2e-13,PHAGE_Mycoba_Ibhubesi_NC_042319-gi|100093|ref|YP_009636714.1||0.004,-,MTTRLNTTTSKKICDEIKRGLPITKAPLLAGITAKTFYNWYNRGKKAKKGKFHDFYNQVEEAKAYAIALRVENIRQAGAEGNWQADAWWLERVDPENFSLNRNIKLDGNVNTNIGLKSLKDVIQEAEKEN*,14857.9,10.0286,None,None
Low Confidence,Undefined_Organism,29,IMGVR_UViG_3300048592_000663.3300048592.Ga0498931_0001416,13777,14106,+,Protein(13777-14106),110,Acr candidate,-,-,MATRSEYLKYYRNYFEHFYEPENILASEMNGKKFIVKVSMEMEIIAAPSKSHPDIDGIYLEKIVMDNKPYVNSTSRGNENYDIRSIPKTLTVESVREYKKTDVKSIFGK*,12771.59,8.2871,None,None
Low Confidence,Undefined_Organism,30,IMGVR_UViG_3300048592_000663.3300048592.Ga0498931_0001416,14208,14603,+,Protein(14208-14603),132,Acr candidate,-,-,MKYNTKQWLENVILLKGSTPWQMRELPKGLQVRSEIKPLTREGILQLVKWEWVANSKKQTWRVSPEYIARRNRKHVRFDTHTQYMFEDSGKSVHAMARARAYHGNCDLYLETAIIKGELILNDIIRIPEVI*,15520.06,10.3315,None,None
Low Confidence,Undefined_Organism,31,IMGVR_UViG_3300048592_000663.3300048592.Ga0498931_0001416,14603,14899,+,Protein(14603-14899),99,WP_021566250.1|HTH_3-1-AcrIIA7|33.8|9.1e-05,PHAGE_Entero_vB_KleM_RaK2_NC_019526-gi|422937109|ref|YP_007007374.1||4.08e-05,-,MPVLKKHEKYCEDVRRLSEAGLSDSEIAEHFGVVTRTIANWRKRYCIPPAIMHRRSKTEPYADTIIAMRKAGALHHEIASEIGVSKAAISHFFRRHSL*,11226,10.181,None,None
Low Confidence,Undefined_Organism,32,IMGVR_UViG_3300048592_000663.3300048592.Ga0498931_0001416,14896,15111,+,Protein(14896-15111),72,Acr candidate,-,-,MNMKGNPGIKTWYMEVRATMGTKPFRFCDLPEHLQSKSYIMRARSRGLLTRPGCTLTGNRGQGVYVWQVRA*,8150.55,11.1943,None,None
Low Confidence,Undefined_Organism,33,IMGVR_UViG_3300048592_000663.3300048592.Ga0498931_0001416,15108,15476,+,Protein(15108-15476),123,Acr candidate,PHAGE_Lister_LP_030_3_NC_024384-gi|658607644|ref|YP_009044655.1||5.47e-08,-,MRELKFRQFVNGRWHYFGFIDNTFIGPITPDVENNPVVQFTCLKDLNFREIYDGDIVQVLDADMKINPRDSDTGYGVVEWRSFMGGWYIDRIHNSLMDIDRAYTIIVVGNIYENPELLEDTT*,14332.16,4.2581,None,None
Low Confidence,Undefined_Organism,34,IMGVR_UViG_3300048592_000663.3300048592.Ga0498931_0001416,15473,15673,+,Protein(15473-15673),67,Acr candidate,-,-,MTHHYPILTPWAEEIKEHVGRDWFMFSDIPEHLKQRHILLRAFNAGLVARKKGKTPNGRRMWKVVL*,7889.3,11.0644,None,None
Low Confidence,Undefined_Organism,35,IMGVR_UViG_3300048592_000663.3300048592.Ga0498931_0001416,15819,16034,+,Protein(15819-16034),72,Acr candidate,PHAGE_Pseudo_SM1_NC_041877-gi|100123|ref|YP_009594534.1||8.52e-08,-,MTTKATILRTIREHCLECLGGSWSEVEKCTAPWCSLHPYRFGVDPTPNAAKAENMRRRNLLNARVGGEDET*,7990.09,7.6758,None,None
Low Confidence,Undefined_Organism,36,IMGVR_UViG_3300048592_000663.3300048592.Ga0498931_0001416,16223,16600,+,Protein(16223-16600),126,Acr candidate,PHAGE_Weisse_WCP30_NC_031101-gi|100024|ref|YP_009290191.1||1.81e-04,-,MKTRAFDPIEKRWRTDYVVVPDGTIHRVFRSDNGVEYMDFYEIAEHVDWKLSRFTGLRDNDNQMVWEYDIYEHLRFKFVVRLHNGTFVLMHISGNVANQSIWAVRHLHKLGDIFQNPELLEEVNR*,15081.09,6.608,None,None
Low Confidence,Undefined_Organism,37,IMGVR_UViG_3300048592_000663.3300048592.Ga0498931_0001416,16597,16878,+,Protein(16597-16878),94,Acr candidate,-,-,MNTAETSLQPYEDIMPEQHYDPNQPHPAELALKEVLSNIRTALKGSQTLPRYMDGPLISIPMTPDQLMALEAQVRTLRGIEQMIVERYPGVIE*,10532.09,4.4131,None,None
Low Confidence,Undefined_Organism,38,IMGVR_UViG_3300048592_000663.3300048592.Ga0498931_0001416,16875,17093,+,Protein(16875-17093),73,Acr candidate,-,-,MIEIELSESEMHDLAEKLFHETHPFSGSLDSHDLRVHWIREALEAIGYYNTVNEFLHERGLTKCHLTIKFKS*,8481.58,5.8186,None,None
Low Confidence,Undefined_Organism,42,IMGVR_UViG_3300048592_000663.3300048592.Ga0498931_0001416,19312,19479,+,Protein(19312-19479),56,Acr candidate,-,-,MAGKTYANLLLSRDVYDAFRSTCDRLGMKYNAQVEIMMKKFNEEHGEPYTWQANQ*,6465.33,6.9714,None,None
Low Confidence,Undefined_Organism,43,IMGVR_UViG_3300048592_000663.3300048592.Ga0498931_0001416,19461,19883,+,Protein(19461-19883),141,3300001865_____JGI2065J20421_1001275_35|HTH_29-0-AcrIIA7|30.9|1.2e-12,PHAGE_Arthro_Laroye_NC_041947-gi|100009|ref|YP_009602999.1||4.85e-05,-,MAGKSVAKKLEIIQKPLLDRIRAGTPIRQACASVGLHQATFYDWMKKGELAVSGQHKEFYEAVEKAKADAVIESVLVIRKAAKDNWQAAAWFLERCHPDEFARDRQNVNVAIQNNTQVVVSENIKERIKKYETIFEDIES*,15929.26,8.4869,None,None
Low Confidence,Undefined_Organism,9,IMGVR_UViG_3300049639_000129.3300049639.Ga0499517_000799,9522,9920,+,Protein(9522-9920),133,Acr candidate,-,-,MNNFLNVSCDCILMTREESNEMKKEKVGKGMYHAIDLDVWDDPFPVLQIGNKGRVHLPLGYLDSDIWVFISESADIRKKCNLILLPKTGPTKWEEVFQSRGKNAGDLLNIFGNGDICVKYKKGMNVKVFVRK*,15066.57,8.4869,None,None
Low Confidence,Undefined_Organism,10,IMGVR_UViG_3300049639_000129.3300049639.Ga0499517_000799,9925,10344,+,Protein(9925-10344),140,Acr candidate,-,-,MLPELNPITVILVILVAVGGLVGGYAAHDFQLQEIKENSFEDQIRANVTQVDNEIQALKLAYNNSSVGYFRADCQNSQQYITEKWQTASRDSGMSAEDRKLNAEYRDFLVEASSIIDVYLARSNPDFTEYETHRDNLLK*,15766.56,4.3233,None,None
Low Confidence,Undefined_Organism,11,IMGVR_UViG_3300049639_000129.3300049639.Ga0499517_000799,10399,10608,+,Protein(10399-10608),70,AcrIIA7-0-3300012983_____Ga0123349_10006117_9|HTH_26|46.7|1.2e-05,PHAGE_Lactob_LfeSau_NC_029068-gi|985757769|ref|YP_009223145.1||1.03e-10,-,MKYRKTALIEAEQYRRGLEDGIDEKGPYLNTLEGKLYIPPNGWIATGAMGERWAIQDDIFRLTYEAVEE*,7995.03,4.4155,None,None
Low Confidence,Undefined_Organism,12,IMGVR_UViG_3300049639_000129.3300049639.Ga0499517_000799,10706,11137,+,Protein(10706-11137),144,Acr candidate,-,-,MPASPRVEMSNYDTHKFLGLLPLPLVVVFLWMAYDGGFAEIEPLILFLVWWLLHTLVITPDIDTLSIPSKRLGPLGWVIRKLSKHRKTWHSPLFWAVYFGLSYNYLGWWTLGGVFPIYCHIYVDIITSWLNRRKIIKLLKKLF*,16830.17,10.1011,None,None
Low Confidence,Undefined_Organism,13,IMGVR_UViG_3300049639_000129.3300049639.Ga0499517_000799,11269,11682,+,Protein(11269-11682),138,Acr candidate,-,-,MPLVATTVKLESDKLELIKMKQVNVSQLCRDAVDSYLKLNSTDKAVIKSQIADLQQQRNSIDLQIKLLLKQLETCENEDVLSTHRNAMFEKWKTNMAFMVNKKTIDWGTVSDVFKFSTRAECEAYIINRLKEEGLIT*,15771.31,7.7127,None,None
Low Confidence,Undefined_Organism,1,IMGVR_UViG_3300049640_000170.3300049640.Ga0499518_013297,58,345,+,Protein(58-345),96,Acr candidate,-,-,MGNSSNNGHHYDVQYVDYCKQEERITRLEERQSVNSENIVKLQNSMDVLNKSILELNKNISLDQGKAREQDFVRGYLISFVVSLAIIIISRFLHL*,11027.5,6.7161,None,None
Low Confidence,Undefined_Organism,2,IMGVR_UViG_3300049640_000170.3300049640.Ga0499518_013297,433,831,+,Protein(433-831),133,AcrIIA15-1-3300001355_____JGI20158J14315_10001466_25|HTH_7|37.6|3e-10,-,-,MAKGKLNDEVQERICKNLAKGAPYRESALNAGITEATFWNWYNRGKKAKSSKYKKFYLAVEEAKTRCMMDDLECIGRAAENGNWQAAAWRLERRNPEDFGRRDHLDARVEHTHLDELTDALNKSRKKYAGKK*,15294.32,9.9529,None,None
Low Confidence,Undefined_Organism,18,IMGVR_UViG_2684622741_000001.2684622741.2684640952.52463-98820,10984,11481,+,Protein(10984-11481),166,Acr candidate,-,-,MISTGDSEMDYVIKTLDDKGYGPCNIKLDWINEHPFIVLYCLEGVTELVQKFNYLGVGVLPIKDSYTMGVPGINLNRNISKVVEYVDQITNKGEDPKMDGVKSIEDVKVWLKLHYPHDIQDLLNMGIDNDIGIINVLNHKYQLGLMELTTNGIISDYVDVEGVIV*,18575.37,4.314,None,None
Low Confidence,Undefined_Organism,19,IMGVR_UViG_2684622741_000001.2684622741.2684640952.52463-98820,11478,11741,+,Protein(11478-11741),88,Acr candidate,-,-,MIAFFLGLVFLGIFAVVFYIFYSNHVSVLKAPLTHRKYSWKDIVASNKDLLPAVVLVFVIFLIILVMVVTGVGATESNTYYYHLGGS*,9719.63,9.3378,None,None
Low Confidence,Undefined_Organism,20,IMGVR_UViG_2684622741_000001.2684622741.2684640952.52463-98820,11744,12304,+,Protein(11744-12304),187,Acr candidate,-,-,MLSFKMDKPGERKLKTLIYGLDGAGKSTAAELYCKKRDLHPVCVDMDDTNYTDVPRVDVDWKQDRDVVNGMKEIIRDIQRDEHFDTLIIDGCGTLSNLLIPPIKESQRAYLLRTQNFKKIWKCMLNSDINIIFIGQKDLIVTEENDSSKFAEMINNMVDWKFRCYRNGSAFKVECTKWRREKEELY*,21829.15,7.0448,None,None
Low Confidence,Undefined_Organism,21,IMGVR_UViG_2684622741_000001.2684622741.2684640952.52463-98820,12274,12786,+,Protein(12274-12786),171,3300005515_____Ga0077122_10000641_39|HTH_38|AcrIIA14|36.9|9e-06,PHAGE_Lactob_CL2_NC_028835-gi|971748012|ref|YP_009201798.1||1.23e-08,-,METGKGGVILNPPLLITTFGRAKVDTSGYYRITSRREGNHLKLLHRLIFEKFHGGIPEGYIVHHKDGDKFNNCILNLELLSLREHIIHHDKGNDAKHRKICLARNNTGYRRVSIKKCDSCKQGFIYYYRYYDDEGNHKSIVSVNFDILKEKVLSKGLLWEKFEDSICEEV*,19752.67,9.0769,None,None
Low Confidence,Undefined_Organism,22,IMGVR_UViG_2684622741_000001.2684622741.2684640952.52463-98820,12792,13106,+,Protein(12792-13106),105,Acr candidate,PHAGE_Thermo_THSA_485A_NC_018264-gi|397912610|ref|YP_006546274.1||2.56e-09,-,MVKYLLNGFSFSMPRPESGLLVWHSLTEEEFLEQTRYNNVISCIGHKDLARLLNVEYNRESITLNVGDVAYIVYLKGGRLPEGAKTLPDGVELGFNCVKILEEI*,11776.56,4.8427,None,None
Low Confidence,Undefined_Organism,23,IMGVR_UViG_2684622741_000001.2684622741.2684640952.52463-98820,13108,13605,+,Protein(13108-13605),166,Acr candidate,-,-,MLTQKLVNVQKNLMGIHIKSTALDTLIPLIFKECVKEKVMFYFTFVENTAILKLRDLESENKELNIRLYHENITEYETLKKALLINAFLITSKKENFTQSKSSEKRIISSDTTTPAPIQRAIEKIQKKGVPVDRRTIERHIDLGSMGADVRKKCIHYLKNMDEGA*,19039.3,9.9388,None,None
Low Confidence,Undefined_Organism,24,IMGVR_UViG_2684622741_000001.2684622741.2684640952.52463-98820,13610,13843,+,Protein(13610-13843),78,Acr candidate,PHAGE_Bacill_G_NC_023719-gi|593777741|ref|YP_009015588.1||2.40e-05,-,MSLTSKTVIKDTQGYIFSVSSESEENTEYTVAYNHDDGWFCNCPHHLFRKAYCKHMKAAAVSENIVDENVFTGGLIG*,8637.62,5.4764,None,None
Low Confidence,Undefined_Organism,21,IMGVR_UViG_3300029718_000421.3300029718.Ga0245237_1000051.2-38252,22112,22234,-,Protein(22112-22234),41,Acr candidate,-,-,MSAQWKLSEKQAQYIDDDSNELLIEGSAGSSAKLYLLVVK*,4430.01,4.3548,None,None
Low Confidence,Undefined_Organism,22,IMGVR_UViG_3300029718_000421.3300029718.Ga0245237_1000051.2-38252,22264,22722,-,Protein(22264-22722),153,AcrIIA15-1-3300001355_____JGI20158J14315_10001466_25|HTH_7|31.4|6.5e-13,-,-,MPRKDRRYKPRKNMDEVPEINPRSYKLNKTLTKKMCKYIEEGNYITTACKLCGIERHTHYDWMKHGKKGIKPFKDYYLAIEEAKAKAEASMVDVVTSSALVDGNVGSAQWWLARVHPDRWGKKDRVEAKVDTSQKIEIVTVSPESTDKEDES*,17593.13,9.4755,None,None
Low Confidence,Undefined_Organism,23,IMGVR_UViG_3300029718_000421.3300029718.Ga0245237_1000051.2-38252,22747,22995,-,Protein(22747-22995),83,Acr candidate,PHAGE_Clostr_phiCD481_1_NC_028951-gi|971820125|ref|YP_009213098.1||3.93e-04,-,MSDNCMNENRIIRLEERLDKKHDEIDSLKKELIQDREELKNVLVILTQLSTTLNTLKWIIVVFISAFGGIVVFLFQELVKLI*,9615.36,5.1051,None,None
Low Confidence,Undefined_Organism,24,IMGVR_UViG_3300029718_000421.3300029718.Ga0245237_1000051.2-38252,22992,23207,-,Protein(22992-23207),72,Acr candidate,-,-,MKSYKNISRIVTVLSFIAIFIVTNKDFLISSVPIEYQTLVQLIVLVAGFFVTQFSEEKRVVRAEELVEEAA*,8082.52,4.9441,None,None
Low Confidence,Undefined_Organism,44,IMGVR_UViG_3300005405_000330.3300005405.Ga0074193_1000837.8676-45482,33058,33324,-,Protein(33058-33324),89,Acr candidate,-,-,MTVTEEQTTLVSLFPQVEFGNCIHRVRDPEGNIKCTKMGWDCEGPSEEWGCGFWRPRDKRKGPFYWNISPDKGHNYPLRVKDLSLYGK*,10264.66,7.6705,None,None
Low Confidence,Undefined_Organism,45,IMGVR_UViG_3300005405_000330.3300005405.Ga0074193_1000837.8676-45482,33324,33758,-,Protein(33324-33758),145,Acr candidate,-,-,MSGCLYNCNWNECSGCDPECTKNEESKAAGYKGKVSDDSHRRCQGFHEAIHKVLIKRLQLQSNDICRLGVSYILSDTKYVEGEEIQIITDGSQNYLDIMVEIKKNAFIMGNLDRSCDGEIKPCHFDLGHFWIGRTRYQIYREVV*,16534.73,6.318,None,None
Low Confidence,Undefined_Organism,46,IMGVR_UViG_3300005405_000330.3300005405.Ga0074193_1000837.8676-45482,33755,33892,-,Protein(33755-33892),46,Acr candidate,-,-,MVFCGFHMKKVSRNKCLYCREHGSPDNCIYAKREPEQATLKGMFG*,5212.12,8.9014,None,None
Low Confidence,Undefined_Organism,47,IMGVR_UViG_3300005405_000330.3300005405.Ga0074193_1000837.8676-45482,33892,34368,-,Protein(33892-34368),159,Acr candidate,-,-,MKTIKFSKDYSKLEKSSFTTIRHPFSTKYNEGEIYRVKSPSNSFKVECVNAGIVAIGQLTDKFLMQDTDAKSRHYALEELFSFYPDLDHCSEVLVVFLKQKECYIKLKSGQVLREGEDFSLNSCGFIPKKPIPIAEFGSAEFSPEFERKFMEMQREGN*,18223.85,7.1892,None,None
Low Confidence,Undefined_Organism,48,IMGVR_UViG_3300005405_000330.3300005405.Ga0074193_1000837.8676-45482,34368,34934,-,Protein(34368-34934),189,AcrIIA14-0-WP_078092951.1|HTH_17|34.5|0.0042,-,-,MEPGMSTVNYEEERGDFDEPEKPSIEKLAEQQLAELDEKEAMKLVTPLRQNWTRAQTEILKVDKITTMEVKVVAGDKELQKMALQKRILESRIMKRVDKLLNDGRGLPYQVSEKGIRVDLEKYNLDCLRKCCNKKGFDFEQDLFNMIGYIRPISKAMTTEGAIPVIKPILEKAFIKVKPPEEDLLGGH*,21596.13,5.5164,None,None
Low Confidence,Undefined_Organism,49,IMGVR_UViG_3300005405_000330.3300005405.Ga0074193_1000837.8676-45482,34936,35196,-,Protein(34936-35196),87,Acr candidate,-,-,MDRTQEKHTYTHTGVNLERVAEVEYFEINQFKNNLKKRLRIKRKNDVAVVMFDPYNSPKGSGRTEQQRCFEVPFHILEGLVKTLRD*,10239.69,9.8911,None,None
Low Confidence,Undefined_Organism,50,IMGVR_UViG_3300005405_000330.3300005405.Ga0074193_1000837.8676-45482,35208,35402,-,Protein(35208-35402),65,Acr candidate,-,-,MKAKIVIVECKEEQVLVATAEPEECICAAKKILGSLDPAKSFKAYIYPKPEDEDHAQCIRRLGD*,7134.33,5.0784,None,None
Low Confidence,Undefined_Organism,51,IMGVR_UViG_3300005405_000330.3300005405.Ga0074193_1000837.8676-45482,35408,35764,-,Protein(35408-35764),119,Acr candidate,PHAGE_Pseudo_PMG1_NC_016765-gi|374531682|ref|YP_005098240.1||0.004,-,MDLLSFLLTNWTWIIYWSITGVALVGVILNIEHDLRCFYIWTFTNAAFATRTFFLGAYEMTALFMVYFILAIVGIYRWKTNPHQDIVLLEENERLRNENNVLREALQASEKSVKVMEG*,13844.13,5.0773,None,None
Low Confidence,Undefined_Organism,52,IMGVR_UViG_3300005405_000330.3300005405.Ga0074193_1000837.8676-45482,35764,35880,-,Protein(35764-35880),39,Acr candidate,-,-,MSGTTKSEKIDVDQKMEETLQDWRQLKTHLNKDKEVTI*,4505.1,5.7232,None,None
Low Confidence,Undefined_Organism,53,IMGVR_UViG_3300005405_000330.3300005405.Ga0074193_1000837.8676-45482,35901,36383,-,Protein(35901-36383),161,Acr candidate,-,-,MENRMKLCCTCGQVKPMEKFPKKIVGHRREAECENCIKNKPMVRQRPRILGKSPRPPRLGKIHAPRKVVEVVPDTHRQQVNDERARKTWDDIIMGYAQNQEWFTARDVKPQINYSLQVTMQILNDLSKLGYLEKKTDHRVKLYRMKNELINQEEAGLILE*,18879.07,10.242,None,None
Low Confidence,Undefined_Organism,54,IMGVR_UViG_3300005405_000330.3300005405.Ga0074193_1000837.8676-45482,36373,36807,-,Protein(36373-36807),145,Acr candidate,-,-,MPKGPVWTEREESIVIKEVNQGKKPDEISKRFRELHNFHDDVHLRSGDAIRRHLGSMKSRKGNAKPGNSRRKWEPDHDQRLLELFRDTSLEPDEIGLRLERTEGAVKARIKTLGIGHLREPPKGFLPGLVARVTSIFRRPGHGK*,16535.94,11.0576,None,None
Low Confidence,Undefined_Organism,35,IMGVR_UViG_3300029303_000310.3300029303.Ga0168703_1000088.12329-61175,33013,33417,-,Protein(33013-33417),135,AcrIIA15-1-3300001355_____JGI20158J14315_10001466_25|HTH_7|31.1|5e-13,PHAGE_Arthro_Laroye_NC_041947-gi|100009|ref|YP_009602999.1||0.003,-,MTRKPSLNPTISKKICDEIKRGLPITKAPLLAGITAKTFYNWYNRGKNAKKGKFHDFYNQVEEAKAYAIALRVENIRQAGVEGNWQADAWWLERIDPENFGRKDKLSLKGDLKHEHKNVKELFSEELIDEIINE*,15542.77,9.6253,None,None
Low Confidence,Undefined_Organism,36,IMGVR_UViG_3300029303_000310.3300029303.Ga0168703_1000088.12329-61175,33442,34005,-,Protein(33442-34005),188,Acr candidate,PHAGE_Dinoro_vB_DshS_R5C_NC_041921-gi|100083|ref|YP_009600207.1||9.90e-39,-,MINQKVIEQKIKEILEEGLGLDWRNNPHLKETPKRVAKVYTEIYDGYTVSPTQYLKTFPTKKTHQQIIIGPIKSYSTCSHHMLPFSMDIYIGYIPNDKILGISKFERIVKNISHKLQVQENITEEICDFLYEQLQPEGVIVLIKNSKHLCMEMRGVENRDTHITTSSVRGVFSTNPILKSEFLNKIQ*,21707.19,8.635,None,None
Low Confidence,Undefined_Organism,37,IMGVR_UViG_3300029303_000310.3300029303.Ga0168703_1000088.12329-61175,34006,34263,-,Protein(34006-34263),86,Acr candidate,-,-,MVSPKIHLKNVYNFWKYYDNVYFKFIIQDKSDLMNLNAFISESKNPIFLQPEFSKAKEITELILNTHLTFNYRISGQLHKYLGAE*,10150.73,9.2654,None,None
Low Confidence,Undefined_Organism,38,IMGVR_UViG_3300029303_000310.3300029303.Ga0168703_1000088.12329-61175,34295,34423,-,Protein(34295-34423),43,Acr candidate,-,-,MKVYCAETGKWIYNHLKEKLIDLYSVRIGKRLSGTNRNKWYN*,5090.94,10.3216,None,None
Low Confidence,Undefined_Organism,39,IMGVR_UViG_3300029303_000310.3300029303.Ga0168703_1000088.12329-61175,34441,35004,-,Protein(34441-35004),188,WP_087213979.1|HTH_Tnp_Mu_2-3-AcrIIA7|37.3|3.9e-19,PHAGE_Entero_phiEf11_NC_013696-gi|282598764|ref|YP_003358852.1||3.60e-31,-,MEIETIKITDLKPAEYNPRRISDEDYQKLKNSISTFGLVDPIIVNLKNMHIVGGHQRYDVLLDEHMLDNDFLAELPMIRLGDVGFVFTDTELSIRDDDHEKALNLALNKISGEWDNDKLAEVLEDLEDSDLDLELTGFDEYSLTELKFENDIEYDDDISDSDLSEDTLPKEVKKIICPYCGKEFDEE*,21566.96,3.8934,None,None
Low Confidence,Undefined_Organism,40,IMGVR_UViG_3300029303_000310.3300029303.Ga0168703_1000088.12329-61175,35051,35311,-,Protein(35051-35311),87,Acr candidate,-,-,MMTLHNNFCYNEDRITTLETKATHRQNELNEFKKKIDKLDSNLDKLCVNVAEVTSALSTLKWVLGISIALFGGIFGFLIIGLIKLL*,9728.45,7.8608,None,None
Low Confidence,Undefined_Organism,41,IMGVR_UViG_3300029303_000310.3300029303.Ga0168703_1000088.12329-61175,35295,35522,-,Protein(35295-35522),76,Acr candidate,-,-,MTQKNELFGNITTIIKFVVMTIAPYLALTADMQNQLIAILVAVIGFILAYFDAKHPNTILDNTTNNVEYDNDDTA*,8350.6,4.0103,None,None
Low Confidence,Undefined_Organism,56,IMGVR_UViG_3300014539_000129.3300014539.Ga0169882_100001.273024-313973,37766,38083,+,Protein(37766-38083),106,Zuo_D3_NODE_83_length_37243_cov_59.165779_47|HTH_3|AcrIIA1|38.1|3.8e-09,PHAGE_Bacill_BCJA1c_NC_006557-gi|56694874|ref|YP_164384.1||2.93e-22,-,MSLVQNIKRLADEKNVTFAEIERKVGLSNGQIRRWDNASPKVENVQKVADFFGASIDDLLERKDITKEETELRAALKNVLSFDGEEMTESDKEAIIAYMMGRKGK*,11920.56,4.9916,None,None
Low Confidence,Undefined_Organism,57,IMGVR_UViG_3300014539_000129.3300014539.Ga0169882_100001.273024-313973,38096,38443,+,Protein(38096-38443),116,Acr candidate,PHAGE_Entero_phiFL1A_NC_013646-gi|281416325|ref|YP_003347459.1||1.91e-22,-,MNELRSQLDELGVKIVVKEMEKNGYYVPAWKIIFVNQKLSDDEMKRVIVHEMKHVIDHEDYVALYKNFVAHSKMENEANNFMVNYIINENDGFYNYSQVIETFDIGMGYDINYFK*,13714.61,4.7494,None,None
